///////////////////////////////////////////////////////////////////////////////////////////////////////;;;;;;;;
// Fichier descriptif Tarfication TF1;;;/ MATRICE CONTACT FM;;;;;
///////////////////////////////////////////////////////////////////////////////////////////////////////;;;;;;;;
//;;;;;;;;
// Coefficient pour tarif de base - ligne 1: date de prise en compte, ligne 2 : nombre de tranches + Code station + Nom Station,  suivi des tranches avec leur coeff par jour);;;;;;;;
1;01/11/2008-31/12/2009;;;;;;;
9;;;;;;;;
00h00/04h30;0;0;0;0;0;0;0;
05h00/06h30;0,87;0,93;1,24;1,55;1,55;1,24;0,62; 
07h00/08h30;1,07;1,14;1,52;1,9;1,9;1,52;0,76; 
09h00/11h30;1,13;1,22;1,62;2,02;2,02;1,62;0,81; 
12h00/13h30;1;1,07;1,43;1,79;1,79;1,43;0,71; 
14h00/16h30;1,07;1,14;1,14;1,9;1,9;1,14;0,76; 
17h00/18h30;1,13;1,22;1,62;2,02;2,02;1,62;0,81; 
19h00/19h30;1,12;1,2;1,61;2;2;1,61;0,8;
20h00/23h30;1;1,05;1,39;1,72;1,72;1,39;0,72;
;;;;;;;;
// Nombre de villes avec date de prise en compte suivi de la liste des villes (code, nom ville et tarif de base);;;;;;;;
16;01/11/2008-31/12/2009;;;;;;;
207;Abbeville;40;Contact FM;16;;;;
3;Amiens;40;Contact FM;17;;;;
118;Arras;40;Contact FM;26;;;;
10;Beauvais;40;Contact FM;25;;;;
238;Boulogne sur Mer;40;Contact FM;26;;;;
28;Compiegne;40;Contact FM;28;;;;
310;Creil;40;Contact FM;24;;;;
281;Douai;40;Contact FM;45;;;;
330;Laon;40;Contact FM;18;;;;
332;le Touquet;40;Contact FM;20;;;;
97;Lens;40;Contact FM;47;;;;
351;Noyon;40;Contact FM;20;;;;
285;Peronne;40;Contact FM;16;;;;
71;Saint Omer;40;Contact FM;18;;;;
284;Saint Quentin;40;Contact FM;18;;;;
255;Valenciennes;40;Contact FM;49;;;;
;;;;;;;;
// Coefficients pour les p�riodes calendaires;;;;;;;;
// =========================================;;;;;;;;
1;;;;;;;;
BLANCHE;1;;;;;;;
;;;;;;;;
// Association des coeffcients sur certaines p�riodes calendaires;;;;;;;;
// ==============================================================;;;;;;;;
1;;;;;;;;
01/11/2008-31/12/2009;BLANCHE;;;;;;;
