///////////////////////////////////////////////////////////////////////////////////////////////////////;;;;;;;;
// Fichier descriptif Tarfication TF1;; / MATRICE DELTA FM DUNKERQUE;;;;;;
///////////////////////////////////////////////////////////////////////////////////////////////////////;;;;;;;;
//;;;;;;;;
// Coefficient pour tarif de base - ligne 1: date de prise en compte, ligne 2 : nombre de tranches + Code station + Nom Station,  suivi des tranches avec leur coeff par jour);;;;;;;;
1;01/11/2008-31/12/2009;;;;;;;
7;;;;;;;;
00h00/04h30;0;0;0;0;0;0;0;
05h00/06h30;0,64;0,64;0,64;0,64;0,64;0,64;0,64; 
07h00/09h30;1,04;1,04;1,04;1,04;1,04;1,04;1,04; 
10h00/11h30;1,36;1,36;1,36;1,36;1,36;1,36;1,36; 
12h00/15h30;1;1;1;1;1;1;1; 
16h00/19h30;0,91;0,91;0,91;0,91;0,91;0,91;0,91; 
20h00/23h30;0,45;0,45;0,45;0,45;0,45;0,45;0,45; 
;;;;;;;;
// Nombre de villes avec date de prise en compte suivi de la liste des villes (code, nom ville et tarif de base);;;;;;;;
4;01/11/2008-31/12/2009;;;;;;;
238;Boulogne sur Mer;42;Delta FM;25;;;;
245;Dunkerque;42;Delta FM;55;;;;
451;Reseau Delta FM;42;Delta FM;80;;;;
71;Saint Omer;42;Delta FM;25;;;;
;;;;;;;;
// Coefficients pour les p�riodes calendaires;;;;;;;;
// =========================================;;;;;;;;
1;;;;;;;;
BLANCHE;1;;;;;;;
;;;;;;;;
// Association des coeffcients sur certaines p�riodes calendaires;;;;;;;;
// ==============================================================;;;;;;;;
1;;;;;;;;
01/11/2008-31/12/2009;BLANCHE;;;;;;;
