///////////////////////////////////////////////////////////////////////////////////////////////////////;;;;;;;;
// Fichier descriptif Tarfication TF1;;/ MATRICE GENERALE;;;;; 01/JANV/2012 au 31/DEC/2012  > TARIFS 2012;
///////////////////////////////////////////////////////////////////////////////////////////////////////;;;;;;;;
//;;;;;;;;
// Coefficient pour tarif de base;;;;;;;;
1;31/05/2012-13/10/2013;;;;;;;
7;;;;;;;;
00h00/05h00;0;0;0;0;0;0;0;
05h00/06h00;0,8;0,8;0,8;0,8;0,8;0,8;0,8;
06h00/09h00;1,4;1,4;1,4;1,6;1,6;1,4;0,8; 
09h00/12h00;1,1;1,1;1,1;1,2;1,2;1,6;0,8; 
12h00/17h00;1;1;1;1,1;1,1;1,1;0,8; 
17h00/20h00;1,4;1,4;1,4;1,6;1,6;1,6;0,8; 
20h00/24h00;0,8;0,8;0,8;0,8;0,8;0,8;0,8; 
;;;;;;;;
// Nombre de villes/stations avec date de prise en compte suivi de la liste des villes/stations (code ville , nom ville, code station, nom station,tarif de base);;;;;;;;
9;31/05/2012-13/10/2013;;;;;;;
35;Grenoble;30;ALPES 1;x;;;;
253;Saint-Brieuc;79;RADIO BONHEUR;x;;;;
501;Reseau;79;RADIO BONHEUR;x;;;;
92;Chaumont;68;MAGNUM LA RADIO;x;;;;
316;Epinal;68;MAGNUM LA RADIO;x;;;;
385;Vittel;68;MAGNUM LA RADIO;x;;;;
341;Millau;86;RADIO MENERGY;x;;;;
312;Die;72;MTI;x;;;;
324;Guebwiller;49;FLOR FM;x;;;;
;;;;;;;;
// Coefficients pour les p�riodes calendaires;;;;;;;;
// =========================================;;;;;;;;
1;;;;;;;;
BLANCHE;1;;;;;;;
;;;;;;;;
// Association des coeffcients sur certaines p�riodes calendaires;;;;;;;;
// ==============================================================;;;;;;;;
1;;;;;;;;
31/05/2012-13/10/2013;BLANCHE;;;;;;;
