Tarifs Multiloc  (01/01/2007 - 31/12/2007) Tarification 2007 avec nouvelles stations MFM,  NRJ+MFM, CFM+MFM, NRJ+CFM+MFM
5;01/01/2007-31/12/2007
S;1,6
A;1,3
B;1
C;0,6
D;0,4

24;1,2,3,4,5,6,7,8,9,10,11,12,13,14,15,16,17,18,19,20,21,22,23,24
24
60
C;C;C;C;C;C;C;C;C;C;C;C;C;C;C;C;C;C;C;C;C;C;C;C;C;C;C;C;C;C;C;C;C;C;C;C;C;C;C;C;C;C;C;C;C;C;C;C;C;C;C;C;C;C;C;C;C;C;C;C;C;C;C;C;C;C;C;C;C;C;C;C;C;C;C;C;C;C;C;C;C;C;C;C;C;C;C;C;C;C;C;C;C;C;C;C;C;C;C;C;C;C;C;C;C;C;C;C;C;C;C;C;C;C;C;C;C;C;C;C;C;C;C;C;C;C;C;C;C;C;C;C;C;C;C;C;C;C;C;C;C;C;C;C;C;C;C;C;C;C;C;C;C;C;C;C;C;C;C;C;C;C;C;C;C;C;C;C;
A;A;A;A;A;B;C;A;A;A;A;A;B;C;A;A;A;A;A;B;C;A;A;A;A;A;B;C;A;A;A;A;A;B;C;A;A;A;A;A;B;C;A;A;A;A;A;B;C;A;A;A;A;A;B;C;A;A;A;A;A;B;C;A;A;A;A;A;B;C;A;A;A;A;A;B;C;A;A;A;A;A;B;C;A;A;A;A;A;B;C;A;A;A;A;A;B;C;A;A;A;A;A;B;C;A;A;A;A;A;B;C;A;A;A;A;A;B;C;A;A;A;A;A;B;C;A;A;A;A;A;B;C;A;A;A;A;A;B;C;A;A;A;A;A;B;C;A;A;A;A;A;B;C;A;A;A;A;A;B;C;A;A;A;A;A;B;C;      
A;A;S;S;S;A;B;A;A;S;S;S;A;B;A;A;S;S;S;A;B;A;A;S;S;S;A;B;A;A;S;S;S;A;B;A;A;S;S;S;A;B;A;A;S;S;S;A;B;A;A;S;S;S;A;B;A;A;S;S;S;A;B;A;A;S;S;S;A;B;A;A;S;S;S;A;B;A;A;S;S;S;A;B;A;A;S;S;S;A;B;A;A;S;S;S;A;B;A;A;S;S;S;A;B;A;A;S;S;S;A;B;A;A;S;S;S;A;B;A;A;S;S;S;A;B;A;A;S;S;S;A;B;A;A;S;S;S;A;B;A;A;S;S;S;A;B;A;A;S;S;S;A;B;A;A;S;S;S;A;B;A;A;S;S;S;A;B;      
A;A;S;S;S;A;B;A;A;S;S;S;A;B;A;A;S;S;S;A;B;A;A;S;S;S;A;B;A;A;S;S;S;A;B;A;A;S;S;S;A;B;A;A;S;S;S;A;B;A;A;S;S;S;A;B;A;A;S;S;S;A;B;A;A;S;S;S;A;B;A;A;S;S;S;A;B;A;A;S;S;S;A;B;A;A;S;S;S;A;B;A;A;S;S;S;A;B;A;A;S;S;S;A;B;A;A;S;S;S;A;B;A;A;S;S;S;A;B;A;A;S;S;S;A;B;A;A;S;S;S;A;B;A;A;S;S;S;A;B;A;A;S;S;S;A;B;A;A;S;S;S;A;B;A;A;S;S;S;A;B;A;A;S;S;S;A;B;      
A;A;A;A;A;A;B;A;A;A;A;A;A;B;A;A;A;A;A;A;B;A;A;A;A;A;A;B;A;A;A;A;A;A;B;A;A;A;A;A;A;B;A;A;A;A;A;A;B;A;A;A;A;A;A;B;A;A;A;A;A;A;B;A;A;A;A;A;A;B;A;A;A;A;A;A;B;A;A;A;A;A;A;B;A;A;A;A;A;A;B;A;A;A;A;A;A;B;A;A;A;A;A;A;B;A;A;A;A;A;A;B;A;A;A;A;A;A;B;A;A;A;A;A;A;B;A;A;A;A;A;A;B;A;A;A;A;A;A;B;A;A;A;A;A;A;B;A;A;A;A;A;A;B;A;A;A;A;A;A;B;A;A;A;A;A;A;B;      
A;A;S;S;S;S;B;A;A;S;S;S;S;B;A;A;S;S;S;S;B;A;A;S;S;S;S;B;A;A;S;S;S;S;B;A;A;S;S;S;S;B;A;A;S;S;S;S;B;A;A;S;S;S;S;B;A;A;S;S;S;S;B;A;A;S;S;S;S;B;A;A;S;S;S;S;B;A;A;S;S;S;S;B;A;A;S;S;S;S;B;A;A;S;S;S;S;B;A;A;S;S;S;S;B;A;A;S;S;S;S;B;A;A;S;S;S;S;B;A;A;S;S;S;S;B;A;A;S;S;S;S;B;A;A;S;S;S;S;B;A;A;S;S;S;S;B;A;A;S;S;S;S;B;A;A;S;S;S;S;B;A;A;S;S;S;S;B;      
A;A;A;A;A;S;B;A;A;A;A;A;S;B;A;A;A;A;A;S;B;A;A;A;A;A;S;B;A;A;A;A;A;S;B;A;A;A;A;A;S;B;A;A;A;A;A;S;B;A;A;A;A;A;S;B;A;A;A;A;A;S;B;A;A;A;A;A;S;B;A;A;A;A;A;S;B;A;A;A;A;A;S;B;A;A;A;A;A;S;B;A;A;A;A;A;S;B;A;A;A;A;A;S;B;A;A;A;A;A;S;B;A;A;A;A;A;S;B;A;A;A;A;A;S;B;A;A;A;A;A;S;B;A;A;A;A;A;S;B;A;A;A;A;A;S;B;A;A;A;A;A;S;B;A;A;A;A;A;S;B;A;A;A;A;A;S;B;      
A;A;S;S;S;S;B;A;A;S;S;S;S;B;A;A;S;S;S;S;B;A;A;S;S;S;S;B;A;A;S;S;S;S;B;A;A;S;S;S;S;B;A;A;S;S;S;S;B;A;A;S;S;S;S;B;A;A;S;S;S;S;B;A;A;S;S;S;S;B;A;A;S;S;S;S;B;A;A;S;S;S;S;B;A;A;S;S;S;S;B;A;A;S;S;S;S;B;A;A;S;S;S;S;B;A;A;S;S;S;S;B;A;A;S;S;S;S;B;A;A;S;S;S;S;B;A;A;S;S;S;S;B;A;A;S;S;S;S;B;A;A;S;S;S;S;B;A;A;S;S;S;S;B;A;A;S;S;S;S;B;A;A;S;S;S;S;B;      
A;A;A;A;A;A;B;A;A;A;A;A;A;B;A;A;A;A;A;A;B;A;A;A;A;A;A;B;A;A;A;A;A;A;B;A;A;A;A;A;A;B;A;A;A;A;A;A;B;A;A;A;A;A;A;B;A;A;A;A;A;A;B;A;A;A;A;A;A;B;A;A;A;A;A;A;B;A;A;A;A;A;A;B;A;A;A;A;A;A;B;A;A;A;A;A;A;B;A;A;A;A;A;A;B;A;A;A;A;A;A;B;A;A;A;A;A;A;B;A;A;A;A;A;A;B;A;A;A;A;A;A;B;A;A;A;A;A;A;B;A;A;A;A;A;A;B;A;A;A;A;A;A;B;A;A;A;A;A;A;B;A;A;A;A;A;A;B;      
B;B;B;B;B;A;B;B;B;B;B;B;A;B;B;B;B;B;B;A;B;B;B;B;B;B;A;B;B;B;B;B;B;A;B;B;B;B;B;B;A;B;B;B;B;B;B;A;B;B;B;B;B;B;A;B;B;B;B;B;B;A;B;B;B;B;B;B;A;B;B;B;B;B;B;A;B;B;B;B;B;B;A;B;B;B;B;B;B;A;B;B;B;B;B;B;A;B;B;B;B;B;B;A;B;B;B;B;B;B;A;B;B;B;B;B;B;A;B;B;B;B;B;B;A;B;B;B;B;B;B;A;B;B;B;B;B;B;A;B;B;B;B;B;B;A;B;B;B;B;B;B;A;B;B;B;B;B;B;A;B;B;B;B;B;B;A;B;      
B;B;B;B;B;A;C;B;B;B;B;B;A;C;B;B;B;B;B;A;C;B;B;B;B;B;A;C;B;B;B;B;B;A;C;B;B;B;B;B;A;C;B;B;B;B;B;A;C;B;B;B;B;B;A;C;B;B;B;B;B;A;C;B;B;B;B;B;A;C;B;B;B;B;B;A;C;B;B;B;B;B;A;C;B;B;B;B;B;A;C;B;B;B;B;B;A;C;B;B;B;B;B;A;C;B;B;B;B;B;A;C;B;B;B;B;B;A;C;B;B;B;B;B;A;C;B;B;B;B;B;A;C;B;B;B;B;B;A;C;B;B;B;B;B;A;C;B;B;B;B;B;A;C;B;B;B;B;B;A;C;B;B;B;B;B;A;C;      
B;B;B;B;B;B;C;B;B;B;B;B;B;C;B;B;B;B;B;B;C;B;B;B;B;B;B;C;B;B;B;B;B;B;C;B;B;B;B;B;B;C;B;B;B;B;B;B;C;B;B;B;B;B;B;C;B;B;B;B;B;B;C;B;B;B;B;B;B;C;B;B;B;B;B;B;C;B;B;B;B;B;B;C;B;B;B;B;B;B;C;B;B;B;B;B;B;C;B;B;B;B;B;B;C;B;B;B;B;B;B;C;B;B;B;B;B;B;C;B;B;B;B;B;B;C;B;B;B;B;B;B;C;B;B;B;B;B;B;C;B;B;B;B;B;B;C;B;B;B;B;B;B;C;B;B;B;B;B;B;C;B;B;B;B;B;B;C;      
A;A;S;S;S;B;C;A;A;S;S;S;B;C;A;A;S;S;S;B;C;A;A;S;S;S;B;C;A;A;S;S;S;B;C;A;A;S;S;S;B;C;A;A;S;S;S;B;C;A;A;S;S;S;B;C;A;A;S;S;S;B;C;A;A;S;S;S;B;C;A;A;S;S;S;B;C;A;A;S;S;S;B;C;A;A;S;S;S;B;C;A;A;S;S;S;B;C;A;A;S;S;S;B;C;A;A;S;S;S;B;C;A;A;S;S;S;B;C;A;A;S;S;S;B;C;A;A;S;S;S;B;C;A;A;S;S;S;B;C;A;A;S;S;S;B;C;A;A;S;S;S;B;C;A;A;S;S;S;B;C;A;A;S;S;S;B;C;      
A;A;S;S;S;B;B;A;A;S;S;S;B;B;A;A;S;S;S;B;B;A;A;S;S;S;B;B;A;A;S;S;S;B;B;A;A;S;S;S;B;B;A;A;S;S;S;B;B;A;A;S;S;S;B;B;A;A;S;S;S;B;B;A;A;S;S;S;B;B;A;A;S;S;S;B;B;A;A;S;S;S;B;B;A;A;S;S;S;B;B;A;A;S;S;S;B;B;A;A;S;S;S;B;B;A;A;S;S;S;B;B;A;A;S;S;S;B;B;A;A;S;S;S;B;B;A;A;S;S;S;B;B;A;A;S;S;S;B;B;A;A;S;S;S;B;B;A;A;S;S;S;B;B;A;A;S;S;S;B;B;A;A;S;S;S;B;B;      
C;C;C;C;C;B;B;C;C;C;C;C;B;B;C;C;C;C;C;B;B;C;C;C;C;C;B;B;C;C;C;C;C;B;B;C;C;C;C;C;B;B;C;C;C;C;C;B;B;C;C;C;C;C;B;B;C;C;C;C;C;B;B;C;C;C;C;C;B;B;C;C;C;C;C;B;B;C;C;C;C;C;B;B;C;C;C;C;C;B;B;C;C;C;C;C;B;B;C;C;C;C;C;B;B;C;C;C;C;C;B;B;C;C;C;C;C;B;B;C;C;C;C;C;B;B;C;C;C;C;C;B;B;C;C;C;C;C;B;B;C;C;C;C;C;B;B;C;C;C;C;C;B;B;C;C;C;C;C;B;B;C;C;C;C;C;B;B;      
C;C;C;C;C;B;C;C;C;C;C;C;B;C;C;C;C;C;C;B;C;C;C;C;C;C;B;C;C;C;C;C;C;B;C;C;C;C;C;C;B;C;C;C;C;C;C;B;C;C;C;C;C;C;B;C;C;C;C;C;C;B;C;C;C;C;C;C;B;C;C;C;C;C;C;B;C;C;C;C;C;C;B;C;C;C;C;C;C;B;C;C;C;C;C;C;B;C;C;C;C;C;C;B;C;C;C;C;C;C;B;C;C;C;C;C;C;B;C;C;C;C;C;C;B;C;C;C;C;C;C;B;C;C;C;C;C;C;B;C;C;C;C;C;C;B;C;C;C;C;C;C;B;C;C;C;C;C;C;B;C;C;C;C;C;C;B;C;      
D;D;D;D;D;D;D;D;D;D;D;D;D;D;D;D;D;D;D;D;D;D;D;D;D;D;D;D;D;D;D;D;D;D;D;D;D;D;D;D;D;D;D;D;D;D;D;D;D;D;D;D;D;D;D;D;D;D;D;D;D;D;D;D;D;D;D;D;D;D;D;D;D;D;D;D;D;D;D;D;D;D;D;D;D;D;D;D;D;D;D;D;D;D;D;D;D;D;D;D;D;D;D;D;D;D;D;D;D;D;D;D;D;D;D;D;D;D;D;D;D;D;D;D;D;D;D;D;D;D;D;D;D;D;D;D;D;D;D;D;D;D;D;D;D;D;D;D;D;D;D;D;D;D;D;D;D;D;D;D;D;D;D;D;D;D;D;D;      
D;D;D;D;D;D;D;D;D;D;D;D;D;D;D;D;D;D;D;D;D;D;D;D;D;D;D;D;D;D;D;D;D;D;D;D;D;D;D;D;D;D;D;D;D;D;D;D;D;D;D;D;D;D;D;D;D;D;D;D;D;D;D;D;D;D;D;D;D;D;D;D;D;D;D;D;D;D;D;D;D;D;D;D;D;D;D;D;D;D;D;D;D;D;D;D;D;D;D;D;D;D;D;D;D;D;D;D;D;D;D;D;D;D;D;D;D;D;D;D;D;D;D;D;D;D;D;D;D;D;D;D;D;D;D;D;D;D;D;D;D;D;D;D;D;D;D;D;D;D;D;D;D;D;D;D;D;D;D;D;D;D;D;D;D;D;D;D;      
D;D;D;D;D;D;D;D;D;D;D;D;D;D;D;D;D;D;D;D;D;D;D;D;D;D;D;D;D;D;D;D;D;D;D;D;D;D;D;D;D;D;D;D;D;D;D;D;D;D;D;D;D;D;D;D;D;D;D;D;D;D;D;D;D;D;D;D;D;D;D;D;D;D;D;D;D;D;D;D;D;D;D;D;D;D;D;D;D;D;D;D;D;D;D;D;D;D;D;D;D;D;D;D;D;D;D;D;D;D;D;D;D;D;D;D;D;D;D;D;D;D;D;D;D;D;D;D;D;D;D;D;D;D;D;D;D;D;D;D;D;D;D;D;D;D;D;D;D;D;D;D;D;D;D;D;D;D;D;D;D;D;D;D;D;D;D;D;      
D;D;D;D;D;D;D;D;D;D;D;D;D;D;D;D;D;D;D;D;D;D;D;D;D;D;D;D;D;D;D;D;D;D;D;D;D;D;D;D;D;D;D;D;D;D;D;D;D;D;D;D;D;D;D;D;D;D;D;D;D;D;D;D;D;D;D;D;D;D;D;D;D;D;D;D;D;D;D;D;D;D;D;D;D;D;D;D;D;D;D;D;D;D;D;D;D;D;D;D;D;D;D;D;D;D;D;D;D;D;D;D;D;D;D;D;D;D;D;D;D;D;D;D;D;D;D;D;D;D;D;D;D;D;D;D;D;D;D;D;D;D;D;D;D;D;D;D;D;D;D;D;D;D;D;D;D;D;D;D;D;D;D;D;D;D;D;D;      
D;D;D;D;D;D;D;D;D;D;D;D;D;D;D;D;D;D;D;D;D;D;D;D;D;D;D;D;D;D;D;D;D;D;D;D;D;D;D;D;D;D;D;D;D;D;D;D;D;D;D;D;D;D;D;D;D;D;D;D;D;D;D;D;D;D;D;D;D;D;D;D;D;D;D;D;D;D;D;D;D;D;D;D;D;D;D;D;D;D;D;D;D;D;D;D;D;D;D;D;D;D;D;D;D;D;D;D;D;D;D;D;D;D;D;D;D;D;D;D;D;D;D;D;D;D;D;D;D;D;D;D;D;D;D;D;D;D;D;D;D;D;D;D;D;D;D;D;D;D;D;D;D;D;D;D;D;D;D;D;D;D;D;D;D;D;D;D;      
D;D;D;D;D;D;D;D;D;D;D;D;D;D;D;D;D;D;D;D;D;D;D;D;D;D;D;D;D;D;D;D;D;D;D;D;D;D;D;D;D;D;D;D;D;D;D;D;D;D;D;D;D;D;D;D;D;D;D;D;D;D;D;D;D;D;D;D;D;D;D;D;D;D;D;D;D;D;D;D;D;D;D;D;D;D;D;D;D;D;D;D;D;D;D;D;D;D;D;D;D;D;D;D;D;D;D;D;D;D;D;D;D;D;D;D;D;D;D;D;D;D;D;D;D;D;D;D;D;D;D;D;D;D;D;D;D;D;D;D;D;D;D;D;D;D;D;D;D;D;D;D;D;D;D;D;D;D;D;D;D;D;D;D;D;D;D;D;      
D;D;D;D;D;D;D;D;D;D;D;D;D;D;D;D;D;D;D;D;D;D;D;D;D;D;D;D;D;D;D;D;D;D;D;D;D;D;D;D;D;D;D;D;D;D;D;D;D;D;D;D;D;D;D;D;D;D;D;D;D;D;D;D;D;D;D;D;D;D;D;D;D;D;D;D;D;D;D;D;D;D;D;D;D;D;D;D;D;D;D;D;D;D;D;D;D;D;D;D;D;D;D;D;D;D;D;D;D;D;D;D;D;D;D;D;D;D;D;D;D;D;D;D;D;D;D;D;D;D;D;D;D;D;D;D;D;D;D;D;D;D;D;D;D;D;D;D;D;D;D;D;D;D;D;D;D;D;D;D;D;D;D;D;D;D;D;D;      
D;D;D;D;D;D;D;D;D;D;D;D;D;D;D;D;D;D;D;D;D;D;D;D;D;D;D;D;D;D;D;D;D;D;D;D;D;D;D;D;D;D;D;D;D;D;D;D;D;D;D;D;D;D;D;D;D;D;D;D;D;D;D;D;D;D;D;D;D;D;D;D;D;D;D;D;D;D;D;D;D;D;D;D;D;D;D;D;D;D;D;D;D;D;D;D;D;D;D;D;D;D;D;D;D;D;D;D;D;D;D;D;D;D;D;D;D;D;D;D;D;D;D;D;D;D;D;D;D;D;D;D;D;D;D;D;D;D;D;D;D;D;D;D;D;D;D;D;D;D;D;D;D;D;D;D;D;D;D;D;D;D;D;D;D;D;D;D;      

151;01/01/2007-31/12/2007
207;ABBEVILLE;20;25;;;;;;;;;;;;;;40;;;;;;;;
1;AIX EN PROVENCE;;;29;;;;;;;;;;;;;;;;;;;;;
2;AJACCIO;68;30;30;;;;;;;;;;;;;98;98;60;128;;;;;
115;ALBERTVILLE;;;15;;;;;;;;;;;;;;;;;;;;;
82;ALBI;;20;;;;;;;;;;;;;;;;;;;;;;
117;ALES;;;28;;;;;;;;;;;;;;;;;;;;;
3;AMIENS;29;39;;;;;;;;;;;;;;62;;;;;;;;
4;ANGERS;28;22;;;;;;;;;;;;;;38;;;;;;;;
233;ANGOULEME;;;;;;;;;;;;26;;;;;;;;;;;;
5;ANNECY;15;27;;;;;;;;;;;;;;40;;;;;;;;
6;ANNEMASSE;42;;42;;;;;;;;;;;;;;74;;;;;;;
83;ANNONAY;;14;;;;;;;;;;;;;;;;;;;;;;
7;ARCACHON;32;;;;;;;;;;;;;;;;;;;;;;;
264;ARLES;;;;;;;;;;;;;;;24,4;;;;;;;;;
118;ARRAS;;;22;;;;;;;;;;;;;;;;;;;;;
84;AUBENAS/PRIVAS/LE CHEYLARD;;15;;;;;;;;;;;;;;;;;;;;;;
8;AVIGNON;32;30;30;;;;;;;;;;;;;;;;;;;;;
214;BAGNERES DE BIGORRE;;;18;;;;;;;;;;;;;;;;;;;;;
9;BASTIA;63;60;30;;;;;;;;;;;;;123;93;90;153;;;;;
10;BEAUVAIS;25;;;;;;;;;;;;;;;;;;;;;;;
272;BEAUVAIS/COMPIEGNE;40;;;;;;;;;;;;;;;;;;;;;;;
273;BEAUVAIS/P.BRAY;43;;;;;;;;;;;;;;;;;;;;;;;
274;BEAUV/PBRAY/COMP;56;;;;;;;;;;;;;;;;;;;;;;;
119;BEDARIEUX;;;13;;;;;;;;;;;;;;;;;;;;;
102;MONTBELIARD;;18,5;;;;;;;;;;;;;;;;;;;;;;
85;BESANCON;;19;;;;;;;;;;;;;;;;;;;;;;
11;BEZIERS;20;20;;;;;;;;;;;;;;37;;;;;;;;
12;BIARRITZ;40;;;;;;;;;;;;;;;;;;;;;;;
13;BORDEAUX;77;54;56;;;;;;;;;;;;;;;;;;;;;
215;BOUCHES DU RHONE;x;x;95;;;;;;;;;;;;;;;;;;;;;
14;BOURG EN BRESSE;21;;20;;;;;;;;;;;;;;34;;;;;;;
86;BOURGOIN;;22;;;;;;;;;;;;;;;;;;;;;;
15;BREST;21;21;;;;;;;;;;;;;;x;;;;;;;;
230;BRETAGNE CENTRE;;;;;;;17;;;;;;;;;;;;;;;;;
228;BRETAGNE SUD;;;;;;;;;17;;;;;;;;;;;;;;;
18;CAEN;39;;37;;;;;;;;;;;;;;69;;;;;;;
87;CAMBRAI;;20;;;;;;;;;;;;;;;;;;;;;;
88;CARCASSONNE;;22;;;;;;;;;;;;;;;;;;;;;;
89;CASTRES;;12;;;;;;;;;;;;;;;;;;;;;;
20;CHALON SUR SAONE;23;24;;;;;;;;;;;;;;x;;;;;;;;
21;CHAMBERY;26;24;;;;;;;;;;;;;;46;;;;;;;;
261;DEP CHARENTES;;;;;;;;;;;;43;;;;;;;;;;;;
262;DEP CHAR.MARITIMES;;;55;;;;;;;;;30;;;;;;;;;;;;
23;CHARLEVILLE MEZIERES / SEDAN;x;;;;;;;;;;;;;;;;;;;;;;;
91;CHARTRES;;16;;;;;;;;;;;;;;;;;;;;;;
24;CH�TEAU THIERRY;x;;;;;;;;;;;;;;;;;;;;;;;
92;CHAUMONT;;20;;;;;;;;;;;;;;;;;;;;;;
25;CHERBOURG;24;;;;;;;;;;;;;;;;;;;;;;;
26;CLERMONT FERRAND;32;33;29;;;;;;;;;;;;;;;;;;;;;
256;COGNAC;;;;;;;;;;;;19;;;;;;;;;;;;
27;COLMAR;23;;23;;;;;;;;;;;;;;x;;;;;;;
28;COMPIEGNE;20;;;;;;;;;;;;;;;;;;;;;;;
211;COURCHEVEL;;;43;;;;;;;;;;;;;;;;;;;;;
29;DECAZEVILLE;;15;;;;;;;;;;;;;;;;;;;;;;
30;DIEPPE;29;;;;;;;;;;;;;;;;;;;;;;;
93;DIJON;;30;30;;;;;;;;;;;;;;;;;;;;;
31;DRAGUIGNAN;31;;;;;;;;;;;;;;;;;;;;;;;
32;FLERS / LA FERTE MACE;21;;;;;;;;;;;;;;;;;;;;;;;
33;FONTENAY LE COMTE;12;;;;;;;;;;;;;;;;;;;;;;;
35;GRENOBLE;32;41;39;;;;;;;;;;;;;x;;;;;;;;
266;ISSOIRE;;21;;;;;;;;;;;;;;;;;;;;;;
120;LA FLECHE / CH�TEAU DU LOIR;;;13;;;;;;;;;;;;;;;;;;;;;
121;LA ROCHELLE;;;31;;;;;;;;;;;;;;;;;;;;;
265;LA ROCHELLE/SAINTES/ROCHEFORT;;;x;;;;;;;;;;;;;;;;;;;;;
37;L'AIGLE;11;;;;;;;;;;;;;;;;;;;;;;;
94;LANNION;;9;;;;;;;;;;;;;;;;;;;;;;
270;LE HAVRE;39;;;;;;;;;;;;;;;;;;;;;;;
96;LE MANS;;27;27;;;;;;;;;;;;;;;x;;;;;;
39;LE PUY EN VELAY;18;;;;;;;;;;;;;;;;;;;;;;;
178;LE TREPORT;22;;;;;;;;;;;;;;;;;;;;;;;
97;LENS;;41;33;;;;;;;;;;;;;;;68;;;;;;
216;LES GETS;;25;;;;;;;;;;;;;;;;;;;;;;
217;MORZINE;;;25;;;;;;;;;;;;;;;;;;;;;
41;LILLE;62;87;;;;;;;;;;;;;;130;;;;;;;;
98;LIMOGES;;21;;;;;;;;;;;;;;;;;;;;;;
99;LONS LE SAULNIER;;17;;;;;;;;;;;;;;;;;;;;;;
229;LORIENT;;;;;;;;17;;;;;;;;;;;;;;;;
208;LUCHON / ST GAUDENS;;;21;;;;;;;;;;;;;;;;;;;;;
42;LYON;40;70;94;;;34;;;;24;15;;;;;;;;;;;;;
100;MACON;;20;21;;;;;;;;;;;;;;;x;;;;;;
175;MARIGNANE / ETANG DE BERRE;;15;;;;;;;;;;;;;;;;;;;;;;
43;MARSEILLE;85;85;85;;;;;;;;;;;;;;;;;;;;;
44;MENTON;33;;27;27;;;;;;;;;;;;;;;;;;;;
45;METZ;50;30;40;;;;;;;;;;;;;x;x;x;x;x;;;;
210;MIMIZAN;18;;;;;;;;;;;;;;;;;;;;;;;
122;MONTAUBAN;;;28;;;;;;;;;;;;;;;;;;;;;
46;MONTCEAU LES MINES;17;17;;;;;;;;;;;;;;x;;;;;;;;
47;MONTELIMAR;18;;18;;;;;;;;;;;;;;;;;;;;;
48;MONTPELLIER;55;32,5;;;;;;;;;;;;;;;;;;;;;;
263;LES GETS / MORZINE;;25;;;;;;;;;;;;;;;;;;;;;;
49;MULHOUSE;58;;35;;;;;;;;;;;;;;;;;;;;;
51;NANCY;48;55;36;;;;;;;;;;;;;;x;;;;;;;
52;NANTES;33;33;;;;;;;;;;;;;;x;;;;;15;46;46;69
53;NEVERS;23;;;;;;;;;;;;;;;;;;;;;;;
54;NICE;60;62;71;79;;;;;;;;;;;;;;;;;;;;
55;NIMES;19;31;;;24,4;;;;;;;;;;;;;;;;;;;
56;NIORT;20;;;;;;;;;;;;;;;;;;;;;;;
271;NIORT / FONTENAY;28;;;;;;;;;;;;;;;;;;;;;;;
176;ORANGE / NYONS;17;;19;;;;;;;;;;;;;;36;;;;;;;
57;ORLEANS;31;;25;;;;;;;;;;;;;;;x;;;;;;
269;ORLEANS;31;;25;;;;;;;;;;;;;;;x;;;;;;
124;OYONNAX;;;10;;;;;;;;;;;;;;;;;;;;;
232;ORTHEZ;;10;;;;;;;;;;;;;;;;;;;;;;
231;PAU;26;;;;;;;;;;;;;;;;;;;;;;;
209;PAYS DE BRAY;23;;;;;;;;;;;;;;;;;;;;;;;
221;PAYS DU MT BLANC / ST GERVAIS;;23;;;;;;;;;;;;;;;;;;;;;;
222;PERIGUEUX;;46;;;;;;;;;;;;;;;;;;;;;;
259;PERONNE;;;;;;;;;;;;;;x;;;;;;;;;;
59;PERPIGNAN;37;32;;;;;;;;;;;;;;;;;;;;;;
173;POITIERS;;24;;;;;;;;;;;;;;;;;;;;;;
60;PORTO VECCHIO;41;;30;;;;;;;;;;;;;;71;;;;;;;
104;QUIMPER;;17;;;;;;;;;;;;;;;;;;;;;;
61;REIMS;25;;;;;;;;;;;;;;;;;;;;;;;
62;REMIREMONT;35;;;;;;;;;;;;;;;;;;;;;;;
63;RENNES;33;30;;;;;;;;;;;;;;57;;;;;;;;
64;ROANNE;25;22;;;;;;;;;;;;;;;;;;;;;;
223;ROCHEFORT;;;15;;;;;;;;;;;;;;;;;;;;;
105;RODEZ;;19;;;;;;;;;;;;;;;;;;;;;;
65;ROUEN;52;53;48;;;;;;;;;;;;;90;85;85;130;;;;;
106;SABLE SUR SARTHE;;13;;;;;;;;;;;;;;;;;;;;;;
268;ST BRIEUC;;;19;;;;;;;;;;;;;;;;;;;;;
127;SAINT CLAUDE;;;10;;;;;;;;;;;;;;;;;;;;;
107;SAINT DIZIER;;16;;;;;;;;;;;;;;;;;;;;;;
224;SAINTES;;;15;;;;;;;;;18;;;;;;;;;;;;
69;SAINT ETIENNE;34;33;;;;;;;;;;;;;;;;;;;;;;
108;SAINT FLOUR;;20;;;;;;;;;;;;;;;;;;;;;;
257;ST JEAN ANGELY;;;;;;;;;;;;15;;;;;;;;;;;;
70;SAINT NAZAIRE;21;;;;;;;;;;;;;;;;;;;;;;;
71;SAINT OMER;30;;;;;;;;;;;;;;;;;;;;;;;
73;SAINT TROPEZ;31;;;;;;;;;;;;x;;;;;;;;;;;
218;SARTHE;;31;31;;;;;;;;;;;;;;;;;;;;;
67;SETE;22;;;;;;;;;;;;;;;;;;;;;;;
219;SOMME;40;47;;;;;;;;;;;;;;;;;;;;;;
72;STRASBOURG;78;;60;;;;;;;;;;;;;;125;;;;;;;
267;TARN;;25;;;;;;;;;;;;;;;;;;;;;;
74;TARBES / LOURDES;20;;;;;;;;;;;;;;;;;;;;;;;
75;THIONVILLE;38;;;;;;;;;;;;;;;;;;;;;;;
110;TOULON;;29;;;;;;;;;;;;;;;;;;;;;;
76;TOULOUSE;79;59;55;;;;;;;;;;;;;;;;;;;;;
275;TOURNON;;19;;;;;;;;;;;;;;;;;;;;;;
77;TOURS;28;30;;;;;;;;;;;;;;x;;;;;;;;
78;TROYES;31;28;;;;;;;;;;;;;;x;;;;;;;;
79;VALENCE;24;;24;;;;;;;;;;;;;;46;;;;;;;
255;VALENCIENNES;;;;;;;;;;;;;;;;;;;;;;;;
80;VERDUN;16;;;;;;;;;;;;;;;;;;;;;;;
111;VESOUL;;18;;;;;;;;;;;;;;;;;;;;;;
112;VICHY;;21;;;;;;;;;;;;;;;;;;;;;;
113;VIENNE;;22;;;;;;;;;;;;;;;;;;;;;;
114;VILLEFRANCHE SUR SAONE;;35;;;;;;;;;;;;;;;;;;;;;;
212;YSSINGEAUX;15;;;;;;;;;;;;;;;;;;;;;;;
258;DEP 16/17;;;;;;;;;;;;x;;;;;;;;;;;;

3;;;;;;;;;;;;;;;;;;;;;;;;;
ROUGE;1,2;;;;;;;;;;;;;;;;;;;;;;;;
BLANCHE;1;;;;;;;;;;;;;;;;;;;;;;;;
BLEUE;1;;;;;;;;;;;;;;;;;;;;;;;;

14;
01/01/2006-28/02/2006;BLEUE 
01/03/2006-07/05/2006;ROUGE
08/05/2006-21/05/2006;BLEUE
22/05/2006-16/07/2006;ROUGE
17/07/2006-27/08/2006;BLEUE
28/08/2006-24/12/2006;ROUGE
25/12/2006-31/12/2006;BLEUE
01/01/2007-28/02/2007;BLEUE
01/03/2007-06/05/2007;ROUGE
07/05/2007-20/05/2007;BLEUE
21/05/2007-15/07/2007;ROUGE
16/07/2007-19/08/2007;BLEUE
20/08/2007-23/12/2007;ROUGE
24/12/2007-31/12/2007;BLEUE
