Tarifs Multiloc 2003-2004 (01/01/2003 - 31/12/2004) - attention F Floating(Trh 0h00-01h00), P Floating +(Trh 01h00-02h00), O Orange(Trh 02h00-O3h00)
5;01/01/2003-31/12/2003
S;1,5
A;1,3
B;1
C;0,6
D;0,4

13;1,2,3,4,5,6,7,8,9,10,11,12,13
24
60
C;C;C;C;C;C;C;C;C;C;C;C;C;C;C;C;C;C;C;C;C;C;C;C;C;C;C;C;C;C;C;C;C;C;C;C;C;C;C;C;C;C;C;C;C;C;C;C;C;C;C;C;C;C;C;C;C;C;C;C;C;C;C;C;C;C;C;C;C;C;C;C;C;C;C;C;C;C;C;C;C;C;C;C;C;C;C;C;C;C;C
A;A;A;A;A;B;C;A;A;A;A;A;B;C;A;A;A;A;A;B;C;A;A;A;A;A;B;C;A;A;A;A;A;B;C;A;A;A;A;A;B;C;A;A;A;A;A;B;C;A;A;A;A;A;B;C;A;A;A;A;A;B;C;A;A;A;A;A;B;C;A;A;A;A;A;B;C;A;A;A;A;A;B;C;A;A;A;A;A;B;C
A;A;S;S;S;A;B;A;A;S;S;S;A;B;A;A;S;S;S;A;B;A;A;S;S;S;A;B;A;A;S;S;S;A;B;A;A;S;S;S;A;B;A;A;S;S;S;A;B;A;A;S;S;S;A;B;A;A;S;S;S;A;B;A;A;S;S;S;A;B;A;A;S;S;S;A;B;A;A;S;S;S;A;B;A;A;S;S;S;A;B
A;A;S;S;S;A;A;A;A;S;S;S;A;A;A;A;S;S;S;A;A;A;A;S;S;S;A;A;A;A;S;S;S;A;A;A;A;S;S;S;A;A;A;A;S;S;S;A;A;A;A;S;S;S;A;A;A;A;S;S;S;A;A;A;A;S;S;S;A;A;A;A;S;S;S;A;A;A;A;S;S;S;A;A;A;A;S;S;S;A;A
A;A;A;A;A;A;B;A;A;A;A;A;A;B;A;A;A;A;A;A;B;A;A;A;A;A;A;B;A;A;A;A;A;A;B;A;A;A;A;A;A;B;A;A;A;A;A;A;B;A;A;A;A;A;A;B;A;A;A;A;A;A;B;A;A;A;A;A;A;B;A;A;A;A;A;A;B;A;A;A;A;A;A;B;A;A;A;A;A;A;B
A;A;S;S;S;A;C;A;A;S;S;S;A;C;A;A;S;S;S;A;C;A;A;S;S;S;A;C;A;A;S;S;S;A;C;A;A;S;S;S;A;C;A;A;S;S;S;A;C;A;A;S;S;S;A;C;A;A;S;S;S;A;C;A;A;S;S;S;A;C;A;A;S;S;S;A;C;A;A;S;S;S;A;C;A;A;S;S;S;A;C
A;A;A;A;A;B;B;A;A;A;A;A;B;B;A;A;A;A;A;B;B;A;A;A;A;A;B;B;A;A;A;A;A;B;B;A;A;A;A;A;B;B;A;A;A;A;A;B;B;A;A;A;A;A;B;B;A;A;A;A;A;B;B;A;A;A;A;A;B;B;A;A;A;A;A;B;B;A;A;A;A;A;B;B;A;A;A;A;A;B;B
A;A;S;S;S;A;B;A;A;S;S;S;A;B;A;A;S;S;S;A;B;A;A;S;S;S;A;B;A;A;S;S;S;A;B;A;A;S;S;S;A;B;A;A;S;S;S;A;B;A;A;S;S;S;A;B;A;A;S;S;S;A;B;A;A;S;S;S;A;B;A;A;S;S;S;A;B;A;A;S;S;S;A;B;A;A;S;S;S;A;B
A;A;A;A;A;A;B;A;A;A;A;A;A;B;A;A;A;A;A;A;B;A;A;A;A;A;A;B;A;A;A;A;A;A;B;A;A;A;A;A;A;B;A;A;A;A;A;A;B;A;A;A;A;A;A;B;A;A;A;A;A;A;B;A;A;A;A;A;A;B;A;A;A;A;A;A;B;A;A;A;A;A;A;B;A;A;A;A;A;A;B
B;B;B;B;B;B;B;B;B;B;B;B;B;B;B;B;B;B;B;B;B;B;B;B;B;B;B;B;B;B;B;B;B;B;B;B;B;B;B;B;B;B;B;B;B;B;B;B;B;B;B;B;B;B;B;B;B;B;B;B;B;B;B;B;B;B;B;B;B;B;B;B;B;B;B;B;B;B;B;B;B;B;B;B;B;B;B;B;B;B;B
C;C;C;C;C;B;C;C;C;C;C;C;B;C;C;C;C;C;C;B;C;C;C;C;C;C;B;C;C;C;C;C;C;B;C;C;C;C;C;C;B;C;C;C;C;C;C;B;C;C;C;C;C;C;B;C;C;C;C;C;C;B;C;C;C;C;C;C;B;C;C;C;C;C;C;B;C;C;C;C;C;C;B;C;C;C;C;C;C;B;C
B;B;B;B;B;C;C;B;B;B;B;B;C;C;B;B;B;B;B;C;C;B;B;B;B;B;C;C;B;B;B;B;B;C;C;B;B;B;B;B;C;C;B;B;B;B;B;C;C;B;B;B;B;B;C;C;B;B;B;B;B;C;C;B;B;B;B;B;C;C;B;B;B;B;B;C;C;B;B;B;B;B;C;C;B;B;B;B;B;C;C
A;A;S;S;S;B;C;A;A;S;S;S;B;C;A;A;S;S;S;B;C;A;A;S;S;S;B;C;A;A;S;S;S;B;C;A;A;S;S;S;B;C;A;A;S;S;S;B;C;A;A;S;S;S;B;C;A;A;S;S;S;B;C;A;A;S;S;S;B;C;A;A;S;S;S;B;C;A;A;S;S;S;B;C;A;A;S;S;S;B;C
A;A;S;S;S;A;B;A;A;S;S;S;A;B;A;A;S;S;S;A;B;A;A;S;S;S;A;B;A;A;S;S;S;A;B;A;A;S;S;S;A;B;A;A;S;S;S;A;B;A;A;S;S;S;A;B;A;A;S;S;S;A;B;A;A;S;S;S;A;B;A;A;S;S;S;A;B;A;A;S;S;S;A;B;A;A;S;S;S;A;B
B;B;B;B;B;A;B;B;B;B;B;B;A;B;B;B;B;B;B;A;B;B;B;B;B;B;A;B;B;B;B;B;B;A;B;B;B;B;B;B;A;B;B;B;B;B;B;A;B;B;B;B;B;B;A;B;B;B;B;B;B;A;B;B;B;B;B;B;A;B;B;B;B;B;B;A;B;B;B;B;B;B;A;B;B;B;B;B;B;A;B
C;C;C;C;C;B;C;C;C;C;C;C;B;C;C;C;C;C;C;B;C;C;C;C;C;C;B;C;C;C;C;C;C;B;C;C;C;C;C;C;B;C;C;C;C;C;C;B;C;C;C;C;C;C;B;C;C;C;C;C;C;B;C;C;C;C;C;C;B;C;C;C;C;C;C;B;C;C;C;C;C;C;B;C;C;C;C;C;C;B;C
D;D;D;D;D;D;D;D;D;D;D;D;D;D;D;D;D;D;D;D;D;D;D;D;D;D;D;D;D;D;D;D;D;D;D;D;D;D;D;D;D;D;D;D;D;D;D;D;D;D;D;D;D;D;D;D;D;D;D;D;D;D;D;D;D;D;D;D;D;D;D;D;D;D;D;D;D;D;D;D;D;D;D;D;D;D;D;D;D;D;D
D;D;D;D;D;D;D;D;D;D;D;D;D;D;D;D;D;D;D;D;D;D;D;D;D;D;D;D;D;D;D;D;D;D;D;D;D;D;D;D;D;D;D;D;D;D;D;D;D;D;D;D;D;D;D;D;D;D;D;D;D;D;D;D;D;D;D;D;D;D;D;D;D;D;D;D;D;D;D;D;D;D;D;D;D;D;D;D;D;D;D
D;D;D;D;D;D;D;D;D;D;D;D;D;D;D;D;D;D;D;D;D;D;D;D;D;D;D;D;D;D;D;D;D;D;D;D;D;D;D;D;D;D;D;D;D;D;D;D;D;D;D;D;D;D;D;D;D;D;D;D;D;D;D;D;D;D;D;D;D;D;D;D;D;D;D;D;D;D;D;D;D;D;D;D;D;D;D;D;D;D;D
D;D;D;D;D;D;D;D;D;D;D;D;D;D;D;D;D;D;D;D;D;D;D;D;D;D;D;D;D;D;D;D;D;D;D;D;D;D;D;D;D;D;D;D;D;D;D;D;D;D;D;D;D;D;D;D;D;D;D;D;D;D;D;D;D;D;D;D;D;D;D;D;D;D;D;D;D;D;D;D;D;D;D;D;D;D;D;D;D;D;D
D;D;D;D;D;D;D;D;D;D;D;D;D;D;D;D;D;D;D;D;D;D;D;D;D;D;D;D;D;D;D;D;D;D;D;D;D;D;D;D;D;D;D;D;D;D;D;D;D;D;D;D;D;D;D;D;D;D;D;D;D;D;D;D;D;D;D;D;D;D;D;D;D;D;D;D;D;D;D;D;D;D;D;D;D;D;D;D;D;D;D
D;D;D;D;D;D;D;D;D;D;D;D;D;D;D;D;D;D;D;D;D;D;D;D;D;D;D;D;D;D;D;D;D;D;D;D;D;D;D;D;D;D;D;D;D;D;D;D;D;D;D;D;D;D;D;D;D;D;D;D;D;D;D;D;D;D;D;D;D;D;D;D;D;D;D;D;D;D;D;D;D;D;D;D;D;D;D;D;D;D;D
D;D;D;D;D;D;D;D;D;D;D;D;D;D;D;D;D;D;D;D;D;D;D;D;D;D;D;D;D;D;D;D;D;D;D;D;D;D;D;D;D;D;D;D;D;D;D;D;D;D;D;D;D;D;D;D;D;D;D;D;D;D;D;D;D;D;D;D;D;D;D;D;D;D;D;D;D;D;D;D;D;D;D;D;D;D;D;D;D;D;D
D;D;D;D;D;D;D;D;D;D;D;D;D;D;D;D;D;D;D;D;D;D;D;D;D;D;D;D;D;D;D;D;D;D;D;D;D;D;D;D;D;D;D;D;D;D;D;D;D;D;D;D;D;D;D;D;D;D;D;D;D;D;D;D;D;D;D;D;D;D;D;D;D;D;D;D;D;D;D;D;D;D;D;D;D;D;D;D;D;D;D

133;01/01/2003-30/09/2003       
207;ABBEVILLE;18;21;;;;;;;;;;;
1;AIX EN PROVENCE;;;34;;;;;;;;;;
2;AJACCIO;68;29,73;29,73;;;;;;;;;;
115;ALBERTVILLE;;;15;;;;;;;;;;
82;ALBI;;18;;;;;;;;;;;
117;ALES;;;26;;;;;;;;;;
3;AMIENS;26;35;;;;;;;;;;;
4;ANGERS;27;19;;;;;;;;;;;
5;ANNECY;24;22;;;;;;;;;;;
6;ANNEMASSE;37;;40;;;;;;;;;;
83;ANNONAY;;25;;;;;;;;;;;
7;ARCACHON;32;;;;;;;;;;;;
118;ARRAS;;;21;;;;;;;;;;
84;AUBENAS/PRIVAS/LE CHEYLARD;;23;;;;;;;;;;;
8;AVIGNON;26;24;25;;;;;;;;;;
214;BAGNERES DE BIGORRE;;;15;;;;;;;;;;
9;BASTIA;62,83;59,74;29,73;;;;;;;;;;
10;BEAUVAIS;22;;;;;;;;;;;;
119;BEDARIEUX;;;13;;;;;;;;;;
102;BELFORT / MONTBELIARD;;22;;;;;;;;;;;
85;BESANCON;;17;;;;;;;;;;;
11;BEZIERS;18;17;;;;;;;;;;;
12;BIARRITZ;33;;;;;;;;;;;;
13;BORDEAUX;61;40;45;;;;;;;;;;
215;BOUCHES DU RHONE;93;70;71;;;;;;;;;;
14;BOURG EN BRESSE;18;;19;;;;;;;;;;
86;BOURGOIN;;20;;;;;;;;;;;
15;BREST;25;20;;;;;;;;;;;
230;BRETAGNE CENTRE;;;;;;;17;;;;;;
228;BRETAGNE SUD;;;;;;;;;17;;;;
18;CAEN;39;;33;;;;;;;;;;
87;CAMBRAI;;19;;;;;;;;;;;
88;CARCASSONNE;;22;;;;;;;;;;;
89;CASTRES;;18;;;;;;;;;;;
20;CHALON SUR SAONE;23;23;;;;;;;;;;;
21;CHAMBERY;24;22;;;;;;;;;;;
23;CHARLEVILLE MEZIERES;23;;;;;;;;;;;;
91;CHARTRES;;16;;;;;;;;;;;
24;CH�TEAU THIERRY;18;;;;;;;;;;;;
92;CHAUMONT;;18;;;;;;;;;;;
25;CHERBOURG;22;;;;;;;;;;;;
26;CLERMONT FERRAND;29;31;24;;;;;;;;;;
27;COLMAR;25;;25;;;;;;;;;;
28;COMPIEGNE;17;;;;;;;;;;;;
211;COURCHEVEL;;;43;;;;;;;;;;
29;DECAZEVILLE;;15;;;;;;;;;;;
30;DIEPPE;25;;;;;;;;;;;;
93;DIJON;;26;29;;;;;;;;;;
31;DRAGUIGNAN;31;;;;;;;;;;;;
32;FLERS / LA FERTE MACE;19;;;;;;;;;;;;
33;FONTENAY LE COMTE;12;;;;;;;;;;;;
35;GRENOBLE;27;34;34;;;;;;;;;;
120;LA FLECHE / CH�TEAU DU LOIR;;;14;;;;;;;;;;
121;LA ROCHELLE;;;24;;;;;;;;;;
37;L'AIGLE;13;;;;;;;;;;;;
94;LANNION;;35;;;;;;;;;;;
96;LE MANS;;25;25;;;;;;;;;;
39;LE PUY EN VELAY;24;;;;;;;;;;;;
178;LE TREPORT;18;;;;;;;;;;;;
97;LENS;;35;33;;;;;;;;;;
216;LES GETS;;18,75;;;;;;;;;;;
217;MORZINE;;;18,75;;;;;;;;;;
41;LILLE;48;72;;;;;;;;;;;
98;LIMOGES;;18;;;;;;;;;;;
99;LONS LE SAULNIER;;19;;;;;;;;;;;
229;LORIENT;;;;;;;;17;;;;;
208;LUCHON / ST GAUDENS;;;19;;;;;;;;;;
42;LYON;40;49;70;;;34;;;;24;15;;
100;MACON;;23;20;;;;;;;;;;
175;MARIGNANE / ETANG DE BERRE;;15;;;;;;;;;;;
43;MARSEILLE;93;70;55;;;;;;;;;;
44;MENTON;26;;19;20;;;;;;;;;
45;METZ;43;35;32;;;;;;;;;;
210;MIMIZAN;18;;;;;;;;;;;;
122;MONTAUBAN;;;30;;;;;;;;;;
46;MONTCEAU LES MINES;20;20;;;;;;;;;;;
47;MONTELIMAR;16;;17;;;;;;;;;;
48;MONTPELLIER;52;40;;;;;;;;;;;
49;MULHOUSE;54;;41;;;;;;;;;;
51;NANCY;42;25;32;;;;;;;;;;
52;NANTES;33;28;;;;;;;;;;;
53;NEVERS;20;;;;;;;;;;;;
54;NICE;51;51;67;56;;;;;;;;;
55;NIMES;20,5;31;;;;;;;;;;;
56;NIORT;17;;;;;;;;;;;;
176;ORANGE / NYONS;15;;17;;;;;;;;;;
57;ORLEANS;30;;;;;;;;;;;;
124;OYONNAX ;;;16;;;;;;;;;;
232;ORTHEZ;;10;;;;;;;;;;;
231;PAU;20;;;;;;;;;;;;
209;PAYS DE BRAY;21;;;;;;;;;;;;
221;PAYS DU MT BLANC / ST GERVAIS;;18;;;;;;;;;;;
222;PERIGUEUX;;46;;;;;;;;;;;
59;PERPIGNAN;33;28;;;;;;;;;;;
173;POITIERS;;19;;;;;;;;;;;
60;PORTO VECCHIO;41,2;;29,73;;;;;;;;;;
104;QUIMPER;;17;;;;;;;;;;;
61;REIMS;24;;;;;;;;;;;;
62;REMIREMONT;35;;;;;;;;;;;;
63;RENNES;33;26;;;;;;;;;;;
64;ROANNE;23;20;;;;;;;;;;;
223;ROCHEFORT ;;;12;;;;;;;;;;
105;RODEZ;;18;;;;;;;;;;;
65;ROUEN;47;47;35;;;;;;;;;;
106;SABLE SUR SARTHE;;14;;;;;;;;;;;
127;SAINT CLAUDE;;;12;;;;;;;;;;
107;SAINT DIZIER;;18;;;;;;;;;;;
224;SAINTES;;;12;;;;;;;;;;
69;SAINT ETIENNE;30;29;;;;;;;;;;;
108;SAINT FLOUR;;20;;;;;;;;;;;
70;SAINT NAZAIRE;22;;;;;;;;;;;;
71;SAINT OMER;30;;;;;;;;;;;;
73;SAINT TROPEZ;31;;;;;;;;;;;;
226;SALON DE PROVENCE;;;;;;;;;;;;;
218;SARTHE;;32;32;;;;;;;;;;
66;SEDAN;;;;;;;;;;;;;
67;SETE;20;;;;;;;;;;;;
219;SOMME;37;45;;;;;;;;;;;
72;STRASBOURG;73;;57;;;;;;;;;;
74;TARBES / LOURDES;19;;;;;;;;;;;;
75;THIONVILLE;33;;;;;;;;;;;;
110;TOULON;;19;;;;;;;;;;;
76;TOULOUSE;55;43;45;;;;;;;;;;
77;TOURS;24;28;;;;;;;;;;;
78;TROYES;28;26;;;;;;;;;;;
79;VALENCE;20;;20;;;;;;;;;;
80;VERDUN;19;;;;;;;;;;;;
111;VESOUL;;15;;;;;;;;;;;
112;VICHY;;24;;;;;;;;;;;
113;VIENNE;;20;;;;;;;;;;;
114;VILLEFRANCHE SUR SAONE;;31;;;;;;;;;;;
81;VOUZIERS/RETHEL;18;;;;;;;;;;;;
212;YSSINGEAUX;18;;;;;;;;;;;;

3
ROUGE;1,2
BLANCHE;1
BLEUE;0,7

101
01/01/2003-04/01/2003;BLANCHE
05/01/2003-05/01/2003;BLEUE
06/01/2003-11/01/2003;BLANCHE
12/01/2003-12/01/2003;BLEUE
13/01/2003-18/01/2003;BLANCHE
19/01/2003-19/01/2003;BLEUE
20/01/2003-25/01/2003;BLANCHE
26/01/2003-26/01/2003;BLEUE
27/01/2003-01/02/2003;BLANCHE
02/02/2003-02/02/2003;BLEUE
03/02/2003-08/02/2003;BLANCHE
09/02/2003-09/02/2003;BLEUE
10/02/2003-15/02/2003;ROUGE
16/02/2003-16/02/2003;BLEUE
17/02/2003-22/02/2003;BLANCHE
23/02/2003-23/02/2003;BLEUE
24/02/2003-01/03/2003;BLANCHE
02/03/2003-02/03/2003;BLEUE
03/03/2003-08/03/2003;BLANCHE
09/03/2003-09/03/2003;BLEUE  
10/03/2003-15/03/2003;BLANCHE
16/03/2003-16/03/2003;BLEUE  
17/03/2003-22/03/2003;ROUGE
23/03/2003-23/03/2003;BLEUE  
24/03/2003-29/03/2003;ROUGE
30/03/2003-30/03/2003;BLEUE  
31/03/2003-05/04/2003;ROUGE
06/04/2003-06/04/2003;BLEUE  
07/04/2003-12/04/2003;BLANCHE
13/04/2003-13/04/2003;BLEUE  
14/04/2003-19/04/2003;BLANCHE
20/04/2003-20/04/2003;BLEUE  
21/04/2003-26/04/2003;ROUGE
27/04/2003-27/04/2003;BLEUE  
28/04/2003-30/04/2003;ROUGE
01/05/2003-03/05/2003;BLANCHE
04/05/2003-04/05/2003;BLEUE  
05/05/2003-10/05/2003;BLANCHE
11/05/2003-11/05/2003;BLEUE  
12/05/2003-17/05/2003;BLANCHE
18/05/2003-18/05/2003;BLEUE  
19/05/2003-24/05/2003;ROUGE
25/05/2003-25/05/2003;BLEUE  
26/05/2003-31/05/2003;ROUGE
01/06/2003-01/06/2003;BLEUE  
02/06/2003-07/06/2003;ROUGE
08/06/2003-08/06/2003;BLEUE  
09/06/2003-14/06/2003;ROUGE
15/06/2003-15/06/2003;BLEUE  
16/06/2003-21/06/2003;ROUGE
22/06/2003-22/06/2003;BLEUE  
23/06/2003-28/06/2003;ROUGE
29/06/2003-29/06/2003;BLEUE
30/06/2003-30/06/2003;BLANCHE  
01/07/2003-05/07/2003;BLANCHE;EXCEPT(12,44,54,59,70,176) 
06/07/2003-06/07/2003;BLEUE  
07/07/2003-12/07/2003;BLANCHE
13/07/2003-13/07/2003;BLEUE  
14/07/2003-19/07/2003;BLANCHE
20/07/2003-20/07/2003;BLEUE  
21/07/2003-26/07/2003;BLANCHE
01/07/2003-26/07/2003;ROUGE;ONLY(12,44,54,59,70,176)
27/07/2003-27/07/2003;BLEUE  
28/07/2003-02/08/2003;BLANCHE
03/08/2003-03/08/2003;BLEUE  
04/08/2003-09/08/2003;BLANCHE
10/08/2003-10/08/2003;BLEUE  
11/08/2003-16/08/2003;BLANCHE
17/08/2003-17/08/2003;BLEUE  
18/08/2003-23/08/2003;BLANCHE
24/08/2003-24/08/2003;BLEUE  
25/08/2003-30/08/2003;ROUGE
31/08/2003-31/08/2003;BLEUE  
01/09/2003-06/09/2003;ROUGE
07/09/2003-07/09/2003;BLEUE  
08/09/2003-13/09/2003;ROUGE
14/09/2003-14/09/2003;BLEUE  
15/09/2003-20/09/2003;BLANCHE
21/09/2003-21/09/2003;BLEUE  
22/09/2003-27/09/2003;BLANCHE
28/09/2003-28/09/2003;BLEUE  
29/09/2003-04/10/2003;ROUGE
05/10/2003-05/10/2003;BLEUE  
06/10/2003-11/10/2003;ROUGE
12/10/2003-12/10/2003;BLEUE  
13/10/2003-18/10/2003;ROUGE
19/10/2003-19/10/2003;BLEUE  
20/10/2003-25/10/2003;ROUGE
26/10/2003-26/10/2003;BLEUE  
27/10/2003-01/11/2003;ROUGE
02/11/2003-02/11/2003;BLEUE  
03/11/2003-08/11/2003;ROUGE
09/11/2003-09/11/2003;BLEUE  
10/11/2003-15/11/2003;BLANCHE
16/11/2003-16/11/2003;BLEUE  
17/11/2003-22/11/2003;BLANCHE
23/11/2003-23/11/2003;BLEUE  
24/11/2003-29/11/2003;BLANCHE
30/11/2003-30/11/2003;BLEUE  
01/12/2003-21/12/2003;ROUGE  
22/12/2003-31/12/2003;BLANCHE







