///////////////////////////////////////////////////////////////////////////////////////////////////////;;;;;;;;
// Fichier descriptif Tarfication TF1;;/ MATRICE GENERALE;;;;; 01/JANV/2012 au 31/DEC/2012  > TARIFS 2012;
///////////////////////////////////////////////////////////////////////////////////////////////////////;;;;;;;;
//;;;;;;;;
// Coefficient pour tarif de base;;;;;;;;
1;14/10/2013-31/12/2014;;;;;;;
7;;;;;;;;
00h00/05h00;0;0;0;0;0;0;0;
05h00/06h00;0,8;0,8;0,8;0,8;0,8;0,8;0,8;
06h00/09h00;1,4;1,4;1,4;1,6;1,6;1,4;0,8; 
09h00/12h00;1,1;1,1;1,1;1,2;1,2;1,6;0,8; 
12h00/17h00;1;1;1;1,1;1,1;1,1;0,8; 
17h00/20h00;1,4;1,4;1,4;1,6;1,6;1,6;0,8; 
20h00/24h00;0,8;0,8;0,8;0,8;0,8;0,8;0,8; 
;;;;;;;;
// Nombre de villes/stations avec date de prise en compte suivi de la liste des villes/stations (code ville , nom ville, code station, nom station,tarif de base);;;;;;;;
18;14/10/2013-31/12/2014;;;;;;;
501;Reseau;27;100%;x;;;;
433;Reseau;27;100%;165;;;;
501;Reseau;117;ECN;x;;;;
519;Reseau ECN;117;ECN;40;;;;
501;Reseau;56;HAPPY FM;x;;;;
395;Reseau Happy FM;56;HAPPY FM;77;;;;
207;Abbeville;59;HOT RADIO;x;;;;
115;Albertville;59;HOT RADIO;25;;;;
538;Morhange;66;LOR' FM;x;;;;
358;Morhange;66;LOR' FM;20;;;;
94;Lannion / Guingamp;79;RADIO BONHEUR;x;;;;
268;Saint-Brieuc;79;RADIO BONHEUR;x;;;;
253;Saint-Brieux;79;RADIO BONHEUR;25;;;;
104;Quimper;104;SEA FM;x;;;;
534;Concarneau;89;RADIO OCEAN;27;;;;
508;Saint-Denis;141;URBAN HIT;22;;;;
94;Lannion/Guingamp;111;VARIATION FM;x;;;;
276;Lannion;111;VARIATION FM;25;;;;
;;;;;;;;
// Coefficients pour les p�riodes calendaires;;;;;;;;
// =========================================;;;;;;;;
1;;;;;;;;
BLANCHE;1;;;;;;;
;;;;;;;;
// Association des coeffcients sur certaines p�riodes calendaires;;;;;;;;
// ==============================================================;;;;;;;;
1;;;;;;;;
14/10/2013-31/12/2014;BLANCHE;;;;;;;
