﻿<?xml version="1.0" encoding="utf-8"?>
<Study FileVersion="1.0">
  <Root_Cartouche>
    <Information Nom="Orange 1S16 bis" NumeroEtu="5904" Etape="1" />
    <Date DateDebut="-1" DateFin="-1" DateDebut010180="0" DateFin010180="0" DateEtudeValide="13138" DateHeureExtraitConsolide="0" />
    <Periode DateDebutPeriodeA="13132" NbSemainePeriodeA="54" />
    <Echange TauxEchange="6.55957" Devise="1" />
    <Divers NrMaillage="0" AgrJours=" 31 32 64  0  0  0  0  0" PlageHoraire="1000100000000000100000000000100000001000000000000000100000001000000000000000100000000000000000001" />
    <blocCoches EtatSel="2222222226000000000000000" />
    <blocVagues>
      <VagueUtil>
        <Vague InxTab="134" Code="135" />
        <Vague InxTab="140" Code="141" />
      </VagueUtil>
      <VagueRefSource>
        <Vague Code="19" />
      </VagueRefSource>
    </blocVagues>
    <blocStations>
      <GroupeStation Nom="A" NumeroMaillage="1">
        <Stations CodeReg="0">
          <Station Code="112" />
          <Station Code="101" />
          <Station Code="108" />
          <Station Code="111" />
          <Station Code="149" />
          <Station Code="121" />
          <Station Code="106" />
          <Station Code="107" />
          <Station Code="109" />
          <Station Code="122" />
          <Station Code="103" />
          <Station Code="102" />
          <Station Code="113" />
          <Station Code="110" />
          <Station Code="308" />
          <Station Code="123" />
          <Station Code="124" />
          <Station Code="355" />
          <Station Code="356" />
          <Station Code="152" />
          <Station Code="321" />
          <Station Code="322" />
        </Stations>
        <LienTarifs CodeReg="0">
          <RegStaTarif TypeEvolutif="1" Date="13132" NumeroTarif="0" CodeTarif="NSTRD" TxMGaranti="0" />
          <RegStaTarif TypeEvolutif="1" Date="13132" NumeroTarif="0" CodeTarif="NSTRD" TxMGaranti="0" />
          <RegStaTarif TypeEvolutif="1" Date="13132" NumeroTarif="0" CodeTarif="NSTRD" TxMGaranti="0" />
          <RegStaTarif TypeEvolutif="1" Date="13132" NumeroTarif="0" CodeTarif="NSTRD" TxMGaranti="0" />
          <RegStaTarif TypeEvolutif="1" Date="13132" NumeroTarif="0" CodeTarif="NSTRD" TxMGaranti="0" />
          <RegStaTarif TypeEvolutif="1" Date="13132" NumeroTarif="0" CodeTarif="NSTRD" TxMGaranti="0" />
          <RegStaTarif TypeEvolutif="1" Date="13132" NumeroTarif="0" CodeTarif="NSTRD" TxMGaranti="0" />
          <RegStaTarif TypeEvolutif="1" Date="13132" NumeroTarif="0" CodeTarif="NSTRD" TxMGaranti="0" />
          <RegStaTarif TypeEvolutif="1" Date="13132" NumeroTarif="0" CodeTarif="NSTRD" TxMGaranti="0" />
          <RegStaTarif TypeEvolutif="1" Date="13132" NumeroTarif="0" CodeTarif="NSTRD" TxMGaranti="0" />
          <RegStaTarif TypeEvolutif="1" Date="13132" NumeroTarif="0" CodeTarif="NSTRD" TxMGaranti="0" />
          <RegStaTarif TypeEvolutif="1" Date="13132" NumeroTarif="0" CodeTarif="NSTRD" TxMGaranti="0" />
          <RegStaTarif TypeEvolutif="1" Date="13132" NumeroTarif="0" CodeTarif="NSTRD" TxMGaranti="0" />
          <RegStaTarif TypeEvolutif="1" Date="13132" NumeroTarif="0" CodeTarif="NSTRD" TxMGaranti="0" />
          <RegStaTarif TypeEvolutif="1" Date="13132" NumeroTarif="0" CodeTarif="NSTRD" TxMGaranti="0" />
          <RegStaTarif TypeEvolutif="1" Date="13132" NumeroTarif="0" CodeTarif="NSTRD" TxMGaranti="0" />
          <RegStaTarif TypeEvolutif="1" Date="13132" NumeroTarif="0" CodeTarif="NSTRD" TxMGaranti="0" />
          <RegStaTarif TypeEvolutif="1" Date="13132" NumeroTarif="0" CodeTarif="NSTRD" TxMGaranti="0" />
          <RegStaTarif TypeEvolutif="1" Date="13132" NumeroTarif="0" CodeTarif="NSTRD" TxMGaranti="0" />
          <RegStaTarif TypeEvolutif="1" Date="13132" NumeroTarif="0" CodeTarif="NSTRD" TxMGaranti="0" />
          <RegStaTarif TypeEvolutif="1" Date="13132" NumeroTarif="0" CodeTarif="NSTRD" TxMGaranti="0" />
          <RegStaTarif TypeEvolutif="1" Date="13132" NumeroTarif="0" CodeTarif="NSTRD" TxMGaranti="0" />
        </LienTarifs>
      </GroupeStation>
    </blocStations>
    <blocListeStaPasHeure />
    <blocListeStaPasEcran />
    <blocListeCorGrp />
    <blocFormats BaseFormat="0">
      <Format Index="0" Duree="30" NbFois="2" />
      <Format Index="1" Duree="20" NbFois="1" />
      <Format Index="2" Duree="15" NbFois="1" />
      <Format Index="3" Duree="35" NbFois="1" />
    </blocFormats>
    <blocFormatsSpecifs />
    <blocStrates>
      <Strate Index="0" Numero="0" NbFois="2" />
    </blocStrates>
    <blocEtudeOption>
      <OptionClassement fClasMixte="0" />
      <OptionPoids PoidsPui="100" PoidsEco="100" PoidsAff="0" />
      <OptionAffinite NrCibleBaseAff="-1" fAffIndice="1" />
      <OptionTarif PTarifFacial="1" />
      <OptionCalcul fMoyenneGRP="2" fPenetration="0" />
      <OptionEdition fLigneGrisee="1" fPleinEcran="0" fCoeffMemo="0" />
    </blocEtudeOption>
    <blocCampagne>
      <RefCampagne Libelle="1/5904" />
      <RefOrgCampagne Libelle="" />
      <InfoCampagne AnneeNomencl="2015">
        <Produit Nom="" Ref="" />
        <Marque Nom="" Ref="" />
        <Famille Nom="" Ref="" />
        <Secteur Nom="" Ref="" />
        <Annonceur Nom="" Ref="" Attribut="0" />
        <Groupe Nom="" Ref="" />
        <Mandataire Nom="" Ref="" Attribut="0" />
        <Agence Nom="" Ref="" Attribut="0" />
        <AgenceCreation Nom="" Ref="" Attribut="0" />
        <AutresInfos Info="" />
      </InfoCampagne>
      <BlocCampagneCentrale />
      <BlocCampagneRegie />
      <BlocCampagneStation />
      <BlocOffreProduit />
      <Frontiere FrontiereDebut="0" FrontiereFin="0" />
    </blocCampagne>
    <blocTarification BaseFormat="0">
      <blocPrixBiem />
    </blocTarification>
    <blocTitrePerso LgTotTit="0" />
    <blocSpecifYacast NivNomenTar="0" IdNomenTar="0" />
  </Root_Cartouche>
</Study>