﻿<?xml version="1.0" encoding="utf-8"?>
<Study FileVersion="1.0">
  <Root_Cartouche>
    <Information Nom="Orange 1S16 OK" NumeroEtu="5903" Etape="1" />
    <Date DateDebut="-1" DateFin="-1" DateDebut010180="0" DateFin010180="0" DateEtudeValide="13141" DateHeureExtraitConsolide="0" />
    <Periode DateDebutPeriodeA="13139" NbSemainePeriodeA="30" />
    <Echange TauxEchange="6.55957" Devise="1" />
    <Divers NrMaillage="0" AgrJours=" 31 32 64  0  0  0  0  0" PlageHoraire="1000100000000000100000000000100000001000000000000000100000001000000000000000100000000000000000001" />
    <blocCoches EtatSel="2222222226000000000000000" />
    <blocVagues>
      <VagueUtil>
        <Vague InxTab="140" Code="141" />
      </VagueUtil>
      <VagueRefSource>
        <Vague Code="19" />
      </VagueRefSource>
    </blocVagues>
    <blocStations>
      <GroupeStation Nom="A" NumeroMaillage="1">
        <Stations CodeReg="0">
          <Station Code="112" />
          <Station Code="101" />
          <Station Code="108" />
          <Station Code="111" />
          <Station Code="149" />
          <Station Code="106" />
          <Station Code="107" />
          <Station Code="109" />
          <Station Code="122" />
          <Station Code="103" />
          <Station Code="102" />
          <Station Code="113" />
          <Station Code="110" />
          <Station Code="123" />
          <Station Code="356" />
          <Station Code="321" />
          <Station Code="322" />
        </Stations>
        <LienTarifs CodeReg="0">
          <RegStaTarif TypeEvolutif="1" Date="13139" NumeroTarif="0" CodeTarif="NSTRD" TxMGaranti="0" />
          <RegStaTarif TypeEvolutif="1" Date="13139" NumeroTarif="0" CodeTarif="NSTRD" TxMGaranti="0" />
          <RegStaTarif TypeEvolutif="1" Date="13139" NumeroTarif="0" CodeTarif="NSTRD" TxMGaranti="0" />
          <RegStaTarif TypeEvolutif="1" Date="13139" NumeroTarif="0" CodeTarif="NSTRD" TxMGaranti="0" />
          <RegStaTarif TypeEvolutif="1" Date="13139" NumeroTarif="0" CodeTarif="NSTRD" TxMGaranti="0" />
          <RegStaTarif TypeEvolutif="1" Date="13139" NumeroTarif="0" CodeTarif="NSTRD" TxMGaranti="0" />
          <RegStaTarif TypeEvolutif="1" Date="13139" NumeroTarif="0" CodeTarif="NSTRD" TxMGaranti="0" />
          <RegStaTarif TypeEvolutif="1" Date="13139" NumeroTarif="0" CodeTarif="NSTRD" TxMGaranti="0" />
          <RegStaTarif TypeEvolutif="1" Date="13139" NumeroTarif="0" CodeTarif="NSTRD" TxMGaranti="0" />
          <RegStaTarif TypeEvolutif="1" Date="13139" NumeroTarif="0" CodeTarif="NSTRD" TxMGaranti="0" />
          <RegStaTarif TypeEvolutif="1" Date="13139" NumeroTarif="0" CodeTarif="NSTRD" TxMGaranti="0" />
          <RegStaTarif TypeEvolutif="1" Date="13139" NumeroTarif="0" CodeTarif="NSTRD" TxMGaranti="0" />
          <RegStaTarif TypeEvolutif="1" Date="13139" NumeroTarif="0" CodeTarif="NSTRD" TxMGaranti="0" />
          <RegStaTarif TypeEvolutif="1" Date="13139" NumeroTarif="0" CodeTarif="NSTRD" TxMGaranti="0" />
          <RegStaTarif TypeEvolutif="1" Date="13139" NumeroTarif="0" CodeTarif="NSTRD" TxMGaranti="0" />
          <RegStaTarif TypeEvolutif="1" Date="13139" NumeroTarif="0" CodeTarif="NSTRD" TxMGaranti="0" />
          <RegStaTarif TypeEvolutif="1" Date="13139" NumeroTarif="0" CodeTarif="NSTRD" TxMGaranti="0" />
        </LienTarifs>
      </GroupeStation>
    </blocStations>
    <blocListeStaPasHeure />
    <blocListeStaPasEcran />
    <blocListeCorGrp />
    <blocFormats BaseFormat="0">
      <Format Index="0" Duree="30" NbFois="2" />
      <Format Index="1" Duree="15" NbFois="1" />
      <Format Index="2" Duree="20" NbFois="1" />
      <Format Index="3" Duree="35" NbFois="1" />
    </blocFormats>
    <blocFormatsSpecifs />
    <blocStrates>
      <Strate Index="0" Numero="0" NbFois="1" />
    </blocStrates>
    <blocEtudeOption>
      <OptionClassement fClasMixte="0" />
      <OptionPoids PoidsPui="100" PoidsEco="100" PoidsAff="0" />
      <OptionAffinite NrCibleBaseAff="-1" fAffIndice="1" />
      <OptionTarif PTarifFacial="1" />
      <OptionCalcul fMoyenneGRP="2" fPenetration="0" />
      <OptionEdition fLigneGrisee="1" fPleinEcran="0" fCoeffMemo="0" />
    </blocEtudeOption>
    <blocCampagne>
      <RefCampagne Libelle="1/5903" />
      <RefOrgCampagne Libelle="" />
      <InfoCampagne />
      <BlocCampagneCentrale />
      <BlocCampagneRegie />
      <BlocCampagneStation />
      <BlocOffreProduit />
      <Frontiere FrontiereDebut="0" FrontiereFin="0" />
    </blocCampagne>
    <blocTarification BaseFormat="0">
      <blocPrixBiem />
    </blocTarification>
    <blocTitrePerso LgTotTit="0" />
    <blocSpecifYacast NivNomenTar="0" IdNomenTar="0" />
  </Root_Cartouche>
  <Root_Plans>
    <BlocComposteurs />
    <Plan NrEtude="5903" NrPlan="1" Version="0" Nom="[Sans Titre]" RefPlan="0" Occupe="0" NoSas="0" DateDebut="13139" DateFin="13348" NumCible="1" NomCible="25-49 ans" NumVague="0" NomVague="Ja-Ju 16" DateHeureMemo="133731658" NbSemainePA="30" DateFinPA="13348" DateDebutPA="13139">
      <Fenetre>
        <blocFenetres Iconic="0" Left="520" Right="1031" Top="173" Bottom="682">
          <FenPlan Iconic="0" Left="520" Right="1031" Top="173" Bottom="682" NoGrille="1" DateDebut="28" DateFin="209" NumCible="1" NomCible="25-49 ans" NrVague="0">
            <blocStrates>
              <Strate NrStrate="0" />
            </blocStrates>
            <blocFormats>
              <Format NrFormat="0" />
              <Format NrFormat="1" />
              <Format NrFormat="2" />
              <Format NrFormat="3" />
              <Format NrFormat="4" />
            </blocFormats>
            <blocPlgHoraires>
              <PlgHor Valid="1" />
              <PlgHor Valid="1" />
              <PlgHor Valid="1" />
              <PlgHor Valid="1" />
              <PlgHor Valid="1" />
              <PlgHor Valid="1" />
              <PlgHor Valid="1" />
              <PlgHor Valid="1" />
            </blocPlgHoraires>
            <blocRegions>
              <Region NoReg="0">
                <Station NoSta="0" />
                <Station NoSta="1" />
                <Station NoSta="2" />
                <Station NoSta="3" />
                <Station NoSta="4" />
                <Station NoSta="5" />
                <Station NoSta="6" />
                <Station NoSta="7" />
                <Station NoSta="8" />
                <Station NoSta="9" />
                <Station NoSta="10" />
                <Station NoSta="11" />
                <Station NoSta="12" />
                <Station NoSta="13" />
                <Station NoSta="14" />
                <Station NoSta="15" />
                <Station NoSta="16" />
              </Region>
            </blocRegions>
            <blocSemActives>
              <SemAct Actif="0" />
              <SemAct Actif="0" />
              <SemAct Actif="0" />
              <SemAct Actif="0" />
              <SemAct Actif="127" />
              <SemAct Actif="127" />
              <SemAct Actif="127" />
              <SemAct Actif="127" />
              <SemAct Actif="127" />
              <SemAct Actif="127" />
              <SemAct Actif="127" />
              <SemAct Actif="127" />
              <SemAct Actif="127" />
              <SemAct Actif="127" />
              <SemAct Actif="127" />
              <SemAct Actif="127" />
              <SemAct Actif="127" />
              <SemAct Actif="127" />
              <SemAct Actif="127" />
              <SemAct Actif="127" />
              <SemAct Actif="127" />
              <SemAct Actif="127" />
              <SemAct Actif="127" />
              <SemAct Actif="127" />
              <SemAct Actif="127" />
              <SemAct Actif="127" />
              <SemAct Actif="127" />
              <SemAct Actif="127" />
              <SemAct Actif="127" />
              <SemAct Actif="127" />
            </blocSemActives>
          </FenPlan>
        </blocFenetres>
      </Fenetre>
      <Data>
        <blocRegions CurRegion="0" CurStation="0" CurNiveau="0">
          <Region No="0">
            <Station Sta="112" Lock="0" />
            <Station Sta="101" Lock="0" />
            <Station Sta="108" Lock="0" />
            <Station Sta="111" Lock="0" />
            <Station Sta="149" Lock="0" />
            <Station Sta="106" Lock="0" />
            <Station Sta="107" Lock="0" />
            <Station Sta="109" Lock="0" />
            <Station Sta="122" Lock="0" />
            <Station Sta="103" Lock="0" />
            <Station Sta="102" Lock="0" />
            <Station Sta="113" Lock="0" />
            <Station Sta="110" Lock="0" />
            <Station Sta="123" Lock="0" />
            <Station Sta="356" Lock="0" />
            <Station Sta="321" Lock="0" />
            <Station Sta="322" Lock="0" />
          </Region>
        </blocRegions>
        <blocTaux />
        <blocStrates CurStrate="0">
          <Strate No="0" Code="0" Mode="0" Nom="Cl" />
        </blocStrates>
        <blocFormats CurFormat="0">
          <Format No="0" Mode="0" Nom="30" />
          <Format No="1" Mode="0" Nom="30" />
          <Format No="2" Mode="0" Nom="15" />
          <Format No="3" Mode="0" Nom="20" />
          <Format No="4" Mode="0" Nom="35" />
        </blocFormats>
        <blocSpots>
          <SpotsPresents>
            <Sp Reg="0" Sta="110" Num="4" Hor="700" Jr="56" NoStr="0" NoFor="4" Attr="M101/0/2/2500/ER-T1,G200/0/2/-10000/Gra. Contract coût GRP" ValAtt="11" />
            <Sp Reg="0" Sta="110" Num="4" Hor="700" Jr="63" NoStr="0" NoFor="4" Attr="M101/0/2/2500/ER-T1,G200/0/2/-10000/Gra. Contract coût GRP" ValAtt="11" />
            <Sp Reg="0" Sta="110" Num="4" Hor="700" Jr="64" NoStr="0" NoFor="4" Attr="M101/0/2/2500/ER-T1,G200/0/2/-10000/Gra. Contract coût GRP" ValAtt="11" />
            <Sp Reg="0" Sta="110" Num="4" Hor="700" Jr="51" NoStr="0" NoFor="4" Attr="M101/1/2/2500/ER-T1,G200/0/2/-10000/Gra. Contract coût GRP" ValAtt="3" />
            <Sp Reg="0" Sta="110" Num="4" Hor="700" Jr="58" NoStr="0" NoFor="4" Attr="M101/1/2/2500/ER-T1,G200/0/2/-10000/Gra. Contract coût GRP" ValAtt="3" />
            <Sp Reg="0" Sta="110" Num="4" Hor="700" Jr="52" NoStr="0" NoFor="4" Attr="M101/1/2/2500/ER-T1,G200/0/2/-10000/Gra. Contract coût GRP" ValAtt="3" />
            <Sp Reg="0" Sta="110" Num="4" Hor="700" Jr="59" NoStr="0" NoFor="4" Attr="M101/1/2/2500/ER-T1,G200/0/2/-10000/Gra. Contract coût GRP" ValAtt="3" />
            <Sp Reg="0" Sta="110" Num="4" Hor="700" Jr="53" NoStr="0" NoFor="4" Attr="M101/1/2/2500/ER-T1,G200/0/2/-10000/Gra. Contract coût GRP" ValAtt="3" />
            <Sp Reg="0" Sta="110" Num="4" Hor="700" Jr="60" NoStr="0" NoFor="4" Attr="M101/0/2/2500/ER-T1,G200/0/2/-10000/Gra. Contract coût GRP" ValAtt="11" />
            <Sp Reg="0" Sta="110" Num="5" Hor="730" Jr="57" NoStr="0" NoFor="4" Attr="M101/0/2/2500/ER-T1,G200/0/2/-10000/Gra. Contract coût GRP" ValAtt="11" />
            <Sp Reg="0" Sta="110" Num="5" Hor="730" Jr="60" NoStr="0" NoFor="4" Attr="M101/0/2/2500/ER-T1,G200/0/2/-10000/Gra. Contract coût GRP" ValAtt="11" />
            <Sp Reg="0" Sta="110" Num="5" Hor="730" Jr="61" NoStr="0" NoFor="4" Attr="M101/1/2/2500/ER-T1,G200/0/2/-10000/Gra. Contract coût GRP" ValAtt="3" />
            <Sp Reg="0" Sta="110" Num="7" Hor="830" Jr="56" NoStr="0" NoFor="4" Attr="M101/1/2/2500/ER-T1,G200/0/2/-10000/Gra. Contract coût GRP" ValAtt="3" />
            <Sp Reg="0" Sta="110" Num="7" Hor="830" Jr="63" NoStr="0" NoFor="4" Attr="M101/0/2/2500/ER-T1,G200/0/2/-10000/Gra. Contract coût GRP" ValAtt="11" />
            <Sp Reg="0" Sta="110" Num="7" Hor="830" Jr="57" NoStr="0" NoFor="4" Attr="M101/1/2/2500/ER-T1,G200/0/2/-10000/Gra. Contract coût GRP" ValAtt="3" />
            <Sp Reg="0" Sta="110" Num="7" Hor="830" Jr="64" NoStr="0" NoFor="4" Attr="M101/0/2/2500/ER-T1,G200/0/2/-10000/Gra. Contract coût GRP" ValAtt="11" />
            <Sp Reg="0" Sta="110" Num="7" Hor="830" Jr="51" NoStr="0" NoFor="4" Attr="M101/0/2/2500/ER-T1,G200/0/2/-10000/Gra. Contract coût GRP" ValAtt="11" />
            <Sp Reg="0" Sta="110" Num="7" Hor="830" Jr="58" NoStr="0" NoFor="4" Attr="M101/1/2/2500/ER-T1,G200/0/2/-10000/Gra. Contract coût GRP" ValAtt="3" />
            <Sp Reg="0" Sta="110" Num="7" Hor="830" Jr="52" NoStr="0" NoFor="4" Attr="M101/0/2/2500/ER-T1,G200/0/2/-10000/Gra. Contract coût GRP" ValAtt="11" />
            <Sp Reg="0" Sta="110" Num="7" Hor="830" Jr="59" NoStr="0" NoFor="4" Attr="M101/1/2/2500/ER-T1,G200/0/2/-10000/Gra. Contract coût GRP" ValAtt="3" />
            <Sp Reg="0" Sta="110" Num="7" Hor="830" Jr="53" NoStr="0" NoFor="4" Attr="M101/0/2/2500/ER-T1,G200/0/2/-10000/Gra. Contract coût GRP" ValAtt="11" />
            <Sp Reg="0" Sta="110" Num="9" Hor="930" Jr="54" NoStr="0" NoFor="4" Attr="M101/0/2/2500/ER-T1,G200/0/2/-10000/Gra. Contract coût GRP" ValAtt="11" />
            <Sp Reg="0" Sta="110" Num="12" Hor="1100" Jr="61" NoStr="0" NoFor="4" Attr="M101/0/2/2500/ER-T1,G200/0/2/-10000/Gra. Contract coût GRP" ValAtt="11" />
            <Sp Reg="0" Sta="110" Num="13" Hor="1130" Jr="58" NoStr="0" NoFor="4" Attr="M101/0/2/2500/ER-T1,G200/0/2/-10000/Gra. Contract coût GRP" ValAtt="11" />
            <Sp Reg="0" Sta="110" Num="13" Hor="1130" Jr="59" NoStr="0" NoFor="4" Attr="M101/0/2/2500/ER-T1,G200/0/2/-10000/Gra. Contract coût GRP" ValAtt="11" />
            <Sp Reg="0" Sta="110" Num="13" Hor="1130" Jr="60" NoStr="0" NoFor="4" Attr="M101/0/2/2500/ER-T1,G200/0/2/-10000/Gra. Contract coût GRP" ValAtt="11" />
            <Sp Reg="0" Sta="110" Num="14" Hor="1200" Jr="56" NoStr="0" NoFor="4" Attr="M101/0/2/2500/ER-T1,G200/0/2/-10000/Gra. Contract coût GRP" ValAtt="11" />
            <Sp Reg="0" Sta="110" Num="14" Hor="1200" Jr="63" NoStr="0" NoFor="4" Attr="M101/0/2/2500/ER-T1,G200/0/2/-10000/Gra. Contract coût GRP" ValAtt="11" />
            <Sp Reg="0" Sta="110" Num="14" Hor="1200" Jr="57" NoStr="0" NoFor="4" Attr="M101/0/2/2500/ER-T1,G200/0/2/-10000/Gra. Contract coût GRP" ValAtt="11" />
            <Sp Reg="0" Sta="110" Num="14" Hor="1200" Jr="64" NoStr="0" NoFor="4" Attr="M101/0/2/2500/ER-T1,G200/0/2/-10000/Gra. Contract coût GRP" ValAtt="11" />
            <Sp Reg="0" Sta="110" Num="14" Hor="1200" Jr="51" NoStr="0" NoFor="4" Attr="M101/0/2/2500/ER-T1,G200/0/2/-10000/Gra. Contract coût GRP" ValAtt="11" />
            <Sp Reg="0" Sta="110" Num="14" Hor="1200" Jr="52" NoStr="0" NoFor="4" Attr="M101/1/2/2500/ER-T1,G200/0/2/-10000/Gra. Contract coût GRP" ValAtt="3" />
            <Sp Reg="0" Sta="110" Num="15" Hor="1230" Jr="53" NoStr="0" NoFor="4" Attr="M101/0/2/2500/ER-T1,G200/0/2/-10000/Gra. Contract coût GRP" ValAtt="11" />
            <Sp Reg="0" Sta="110" Num="17" Hor="1330" Jr="54" NoStr="0" NoFor="4" Attr="M101/1/2/2500/ER-T1,G200/0/2/-10000/Gra. Contract coût GRP" ValAtt="3" />
            <Sp Reg="0" Sta="110" Num="23" Hor="1630" Jr="56" NoStr="0" NoFor="4" Attr="M101/1/2/2500/ER-T1,G200/0/2/-10000/Gra. Contract coût GRP" ValAtt="3" />
            <Sp Reg="0" Sta="110" Num="23" Hor="1630" Jr="57" NoStr="0" NoFor="4" Attr="M101/0/2/2500/ER-T1,G200/0/2/-10000/Gra. Contract coût GRP" ValAtt="11" />
            <Sp Reg="0" Sta="110" Num="24" Hor="1700" Jr="56" NoStr="0" NoFor="4" Attr="M101/0/2/2500/ER-T1,G200/0/2/-10000/Gra. Contract coût GRP" ValAtt="11" />
            <Sp Reg="0" Sta="110" Num="24" Hor="1700" Jr="63" NoStr="0" NoFor="4" Attr="M101/0/2/2500/ER-T1,G200/0/2/-10000/Gra. Contract coût GRP" ValAtt="11" />
            <Sp Reg="0" Sta="110" Num="24" Hor="1700" Jr="57" NoStr="0" NoFor="4" Attr="M101/0/2/2500/ER-T1,G200/0/2/-10000/Gra. Contract coût GRP" ValAtt="11" />
            <Sp Reg="0" Sta="110" Num="24" Hor="1700" Jr="64" NoStr="0" NoFor="4" Attr="M101/0/2/2500/ER-T1,G200/0/2/-10000/Gra. Contract coût GRP" ValAtt="11" />
            <Sp Reg="0" Sta="110" Num="24" Hor="1700" Jr="51" NoStr="0" NoFor="4" Attr="M101/0/2/2500/ER-T1,G200/0/2/-10000/Gra. Contract coût GRP" ValAtt="11" />
            <Sp Reg="0" Sta="110" Num="24" Hor="1700" Jr="58" NoStr="0" NoFor="4" Attr="M101/0/2/2500/ER-T1,G200/0/2/-10000/Gra. Contract coût GRP" ValAtt="11" />
            <Sp Reg="0" Sta="110" Num="24" Hor="1700" Jr="52" NoStr="0" NoFor="4" Attr="M101/0/2/2500/ER-T1,G200/0/2/-10000/Gra. Contract coût GRP" ValAtt="11" />
            <Sp Reg="0" Sta="110" Num="24" Hor="1700" Jr="59" NoStr="0" NoFor="4" Attr="M101/0/2/2500/ER-T1,G200/0/2/-10000/Gra. Contract coût GRP" ValAtt="11" />
            <Sp Reg="0" Sta="110" Num="24" Hor="1700" Jr="53" NoStr="0" NoFor="4" Attr="M101/1/2/2500/ER-T1,G200/0/2/-10000/Gra. Contract coût GRP" ValAtt="3" />
            <Sp Reg="0" Sta="110" Num="24" Hor="1700" Jr="60" NoStr="0" NoFor="4" Attr="M101/0/2/2500/ER-T1,G200/0/2/-10000/Gra. Contract coût GRP" ValAtt="11" />
            <Sp Reg="0" Sta="110" Num="25" Hor="1730" Jr="63" NoStr="0" NoFor="4" Attr="M101/0/2/2500/ER-T1,G200/0/2/-10000/Gra. Contract coût GRP" ValAtt="11" />
            <Sp Reg="0" Sta="110" Num="25" Hor="1730" Jr="64" NoStr="0" NoFor="4" Attr="M101/0/2/2500/ER-T1,G200/0/2/-10000/Gra. Contract coût GRP" ValAtt="11" />
            <Sp Reg="0" Sta="110" Num="25" Hor="1730" Jr="51" NoStr="0" NoFor="4" Attr="M101/0/2/2500/ER-T1,G200/0/2/-10000/Gra. Contract coût GRP" ValAtt="11" />
            <Sp Reg="0" Sta="110" Num="25" Hor="1730" Jr="58" NoStr="0" NoFor="4" Attr="M101/0/2/2500/ER-T1,G200/0/2/-10000/Gra. Contract coût GRP" ValAtt="11" />
            <Sp Reg="0" Sta="110" Num="25" Hor="1730" Jr="52" NoStr="0" NoFor="4" Attr="M101/0/2/2500/ER-T1,G200/0/2/-10000/Gra. Contract coût GRP" ValAtt="11" />
            <Sp Reg="0" Sta="110" Num="25" Hor="1730" Jr="59" NoStr="0" NoFor="4" Attr="M101/1/2/2500/ER-T1,G200/0/2/-10000/Gra. Contract coût GRP" ValAtt="3" />
            <Sp Reg="0" Sta="110" Num="25" Hor="1730" Jr="53" NoStr="0" NoFor="4" Attr="M101/0/2/2500/ER-T1,G200/0/2/-10000/Gra. Contract coût GRP" ValAtt="11" />
            <Sp Reg="0" Sta="110" Num="25" Hor="1730" Jr="60" NoStr="0" NoFor="4" Attr="M101/1/2/2500/ER-T1,G200/0/2/-10000/Gra. Contract coût GRP" ValAtt="3" />
            <Sp Reg="0" Sta="321" Num="6" Hor="800" Jr="54" NoStr="0" NoFor="0" ValAtt="1" />
            <Sp Reg="0" Sta="321" Num="6" Hor="800" Jr="61" NoStr="0" NoFor="0" ValAtt="1" />
            <Sp Reg="0" Sta="321" Num="8" Hor="900" Jr="53" NoStr="0" NoFor="0" ValAtt="1" />
            <Sp Reg="0" Sta="321" Num="8" Hor="900" Jr="60" NoStr="0" NoFor="0" ValAtt="1" />
            <Sp Reg="0" Sta="321" Num="8" Hor="900" Jr="54" NoStr="0" NoFor="0" ValAtt="1" />
            <Sp Reg="0" Sta="321" Num="8" Hor="900" Jr="61" NoStr="0" NoFor="0" ValAtt="1" />
            <Sp Reg="0" Sta="321" Num="8" Hor="900" Jr="55" NoStr="0" NoFor="0" ValAtt="1" />
            <Sp Reg="0" Sta="321" Num="8" Hor="900" Jr="62" NoStr="0" NoFor="0" ValAtt="1" />
            <Sp Reg="0" Sta="321" Num="10" Hor="1000" Jr="53" NoStr="0" NoFor="0" ValAtt="1" />
            <Sp Reg="0" Sta="321" Num="10" Hor="1000" Jr="60" NoStr="0" NoFor="0" ValAtt="1" />
            <Sp Reg="0" Sta="321" Num="10" Hor="1000" Jr="54" NoStr="0" NoFor="0" ValAtt="1" />
            <Sp Reg="0" Sta="321" Num="10" Hor="1000" Jr="61" NoStr="0" NoFor="0" ValAtt="1" />
            <Sp Reg="0" Sta="321" Num="10" Hor="1000" Jr="55" NoStr="0" NoFor="0" ValAtt="1" />
            <Sp Reg="0" Sta="321" Num="10" Hor="1000" Jr="62" NoStr="0" NoFor="0" ValAtt="1" />
            <Sp Reg="0" Sta="321" Num="12" Hor="1100" Jr="53" NoStr="0" NoFor="0" ValAtt="1" />
            <Sp Reg="0" Sta="321" Num="12" Hor="1100" Jr="60" NoStr="0" NoFor="0" ValAtt="1" />
            <Sp Reg="0" Sta="321" Num="12" Hor="1100" Jr="55" NoStr="0" NoFor="0" ValAtt="1" />
            <Sp Reg="0" Sta="321" Num="12" Hor="1100" Jr="62" NoStr="0" NoFor="0" ValAtt="1" />
            <Sp Reg="0" Sta="321" Num="14" Hor="1200" Jr="53" NoStr="0" NoFor="0" ValAtt="1" />
            <Sp Reg="0" Sta="321" Num="14" Hor="1200" Jr="60" NoStr="0" NoFor="0" ValAtt="1" />
            <Sp Reg="0" Sta="321" Num="14" Hor="1200" Jr="54" NoStr="0" NoFor="0" ValAtt="1" />
            <Sp Reg="0" Sta="321" Num="14" Hor="1200" Jr="61" NoStr="0" NoFor="0" ValAtt="1" />
            <Sp Reg="0" Sta="321" Num="14" Hor="1200" Jr="55" NoStr="0" NoFor="0" ValAtt="1" />
            <Sp Reg="0" Sta="321" Num="14" Hor="1200" Jr="62" NoStr="0" NoFor="0" ValAtt="1" />
            <Sp Reg="0" Sta="321" Num="16" Hor="1300" Jr="54" NoStr="0" NoFor="0" ValAtt="1" />
            <Sp Reg="0" Sta="321" Num="16" Hor="1300" Jr="61" NoStr="0" NoFor="0" ValAtt="1" />
            <Sp Reg="0" Sta="321" Num="16" Hor="1300" Jr="55" NoStr="0" NoFor="0" ValAtt="1" />
            <Sp Reg="0" Sta="321" Num="16" Hor="1300" Jr="62" NoStr="0" NoFor="0" ValAtt="1" />
            <Sp Reg="0" Sta="321" Num="18" Hor="1400" Jr="54" NoStr="0" NoFor="0" ValAtt="1" />
            <Sp Reg="0" Sta="321" Num="18" Hor="1400" Jr="61" NoStr="0" NoFor="0" ValAtt="1" />
            <Sp Reg="0" Sta="321" Num="20" Hor="1500" Jr="55" NoStr="0" NoFor="0" ValAtt="1" />
            <Sp Reg="0" Sta="321" Num="20" Hor="1500" Jr="62" NoStr="0" NoFor="0" ValAtt="1" />
            <Sp Reg="0" Sta="321" Num="22" Hor="1600" Jr="53" NoStr="0" NoFor="0" ValAtt="1" />
            <Sp Reg="0" Sta="321" Num="22" Hor="1600" Jr="60" NoStr="0" NoFor="0" ValAtt="1" />
            <Sp Reg="0" Sta="321" Num="22" Hor="1600" Jr="54" NoStr="0" NoFor="0" ValAtt="1" />
            <Sp Reg="0" Sta="321" Num="22" Hor="1600" Jr="61" NoStr="0" NoFor="0" ValAtt="1" />
            <Sp Reg="0" Sta="321" Num="22" Hor="1600" Jr="55" NoStr="0" NoFor="0" ValAtt="1" />
            <Sp Reg="0" Sta="321" Num="22" Hor="1600" Jr="62" NoStr="0" NoFor="0" ValAtt="1" />
            <Sp Reg="0" Sta="321" Num="24" Hor="1700" Jr="53" NoStr="0" NoFor="0" ValAtt="1" />
            <Sp Reg="0" Sta="321" Num="24" Hor="1700" Jr="60" NoStr="0" NoFor="0" ValAtt="1" />
            <Sp Reg="0" Sta="321" Num="24" Hor="1700" Jr="54" NoStr="0" NoFor="0" ValAtt="1" />
            <Sp Reg="0" Sta="321" Num="24" Hor="1700" Jr="61" NoStr="0" NoFor="0" ValAtt="1" />
            <Sp Reg="0" Sta="321" Num="24" Hor="1700" Jr="55" NoStr="0" NoFor="0" ValAtt="1" />
            <Sp Reg="0" Sta="321" Num="24" Hor="1700" Jr="62" NoStr="0" NoFor="0" ValAtt="1" />
            <Sp Reg="0" Sta="321" Num="26" Hor="1800" Jr="53" NoStr="0" NoFor="0" ValAtt="1" />
            <Sp Reg="0" Sta="321" Num="26" Hor="1800" Jr="60" NoStr="0" NoFor="0" ValAtt="1" />
            <Sp Reg="0" Sta="321" Num="26" Hor="1800" Jr="54" NoStr="0" NoFor="0" ValAtt="1" />
            <Sp Reg="0" Sta="321" Num="26" Hor="1800" Jr="61" NoStr="0" NoFor="0" ValAtt="1" />
            <Sp Reg="0" Sta="321" Num="26" Hor="1800" Jr="55" NoStr="0" NoFor="0" ValAtt="1" />
            <Sp Reg="0" Sta="321" Num="26" Hor="1800" Jr="62" NoStr="0" NoFor="0" ValAtt="1" />
            <Sp Reg="0" Sta="321" Num="28" Hor="1900" Jr="53" NoStr="0" NoFor="0" ValAtt="1" />
            <Sp Reg="0" Sta="321" Num="28" Hor="1900" Jr="60" NoStr="0" NoFor="0" ValAtt="1" />
            <Sp Reg="0" Sta="321" Num="28" Hor="1900" Jr="54" NoStr="0" NoFor="0" ValAtt="1" />
            <Sp Reg="0" Sta="321" Num="28" Hor="1900" Jr="61" NoStr="0" NoFor="0" ValAtt="1" />
            <Sp Reg="0" Sta="321" Num="28" Hor="1900" Jr="55" NoStr="0" NoFor="0" ValAtt="1" />
            <Sp Reg="0" Sta="321" Num="28" Hor="1900" Jr="62" NoStr="0" NoFor="0" ValAtt="1" />
            <Sp Reg="0" Sta="321" Num="30" Hor="2000" Jr="53" NoStr="0" NoFor="0" ValAtt="1" />
            <Sp Reg="0" Sta="321" Num="30" Hor="2000" Jr="60" NoStr="0" NoFor="0" ValAtt="1" />
            <Sp Reg="0" Sta="321" Num="32" Hor="2100" Jr="53" NoStr="0" NoFor="0" ValAtt="1" />
            <Sp Reg="0" Sta="321" Num="32" Hor="2100" Jr="60" NoStr="0" NoFor="0" ValAtt="1" />
            <Sp Reg="0" Sta="322" Num="6" Hor="800" Jr="54" NoStr="0" NoFor="0" ValAtt="1" />
            <Sp Reg="0" Sta="322" Num="6" Hor="800" Jr="61" NoStr="0" NoFor="0" ValAtt="1" />
            <Sp Reg="0" Sta="322" Num="8" Hor="900" Jr="53" NoStr="0" NoFor="0" ValAtt="1" />
            <Sp Reg="0" Sta="322" Num="8" Hor="900" Jr="60" NoStr="0" NoFor="0" ValAtt="1" />
            <Sp Reg="0" Sta="322" Num="8" Hor="900" Jr="54" NoStr="0" NoFor="0" ValAtt="1" />
            <Sp Reg="0" Sta="322" Num="8" Hor="900" Jr="61" NoStr="0" NoFor="0" ValAtt="1" />
            <Sp Reg="0" Sta="322" Num="8" Hor="900" Jr="55" NoStr="0" NoFor="0" ValAtt="1" />
            <Sp Reg="0" Sta="322" Num="8" Hor="900" Jr="62" NoStr="0" NoFor="0" ValAtt="1" />
            <Sp Reg="0" Sta="322" Num="10" Hor="1000" Jr="53" NoStr="0" NoFor="0" ValAtt="1" />
            <Sp Reg="0" Sta="322" Num="10" Hor="1000" Jr="60" NoStr="0" NoFor="0" ValAtt="1" />
            <Sp Reg="0" Sta="322" Num="10" Hor="1000" Jr="54" NoStr="0" NoFor="0" ValAtt="1" />
            <Sp Reg="0" Sta="322" Num="10" Hor="1000" Jr="61" NoStr="0" NoFor="0" ValAtt="1" />
            <Sp Reg="0" Sta="322" Num="10" Hor="1000" Jr="55" NoStr="0" NoFor="0" ValAtt="1" />
            <Sp Reg="0" Sta="322" Num="10" Hor="1000" Jr="62" NoStr="0" NoFor="0" ValAtt="1" />
            <Sp Reg="0" Sta="322" Num="12" Hor="1100" Jr="53" NoStr="0" NoFor="0" ValAtt="1" />
            <Sp Reg="0" Sta="322" Num="12" Hor="1100" Jr="60" NoStr="0" NoFor="0" ValAtt="1" />
            <Sp Reg="0" Sta="322" Num="12" Hor="1100" Jr="55" NoStr="0" NoFor="0" ValAtt="1" />
            <Sp Reg="0" Sta="322" Num="12" Hor="1100" Jr="62" NoStr="0" NoFor="0" ValAtt="1" />
            <Sp Reg="0" Sta="322" Num="14" Hor="1200" Jr="53" NoStr="0" NoFor="0" ValAtt="1" />
            <Sp Reg="0" Sta="322" Num="14" Hor="1200" Jr="60" NoStr="0" NoFor="0" ValAtt="1" />
            <Sp Reg="0" Sta="322" Num="14" Hor="1200" Jr="54" NoStr="0" NoFor="0" ValAtt="1" />
            <Sp Reg="0" Sta="322" Num="14" Hor="1200" Jr="61" NoStr="0" NoFor="0" ValAtt="1" />
            <Sp Reg="0" Sta="322" Num="14" Hor="1200" Jr="55" NoStr="0" NoFor="0" ValAtt="1" />
            <Sp Reg="0" Sta="322" Num="14" Hor="1200" Jr="62" NoStr="0" NoFor="0" ValAtt="1" />
            <Sp Reg="0" Sta="322" Num="16" Hor="1300" Jr="54" NoStr="0" NoFor="0" ValAtt="1" />
            <Sp Reg="0" Sta="322" Num="16" Hor="1300" Jr="61" NoStr="0" NoFor="0" ValAtt="1" />
            <Sp Reg="0" Sta="322" Num="16" Hor="1300" Jr="55" NoStr="0" NoFor="0" ValAtt="1" />
            <Sp Reg="0" Sta="322" Num="16" Hor="1300" Jr="62" NoStr="0" NoFor="0" ValAtt="1" />
            <Sp Reg="0" Sta="322" Num="18" Hor="1400" Jr="54" NoStr="0" NoFor="0" ValAtt="1" />
            <Sp Reg="0" Sta="322" Num="18" Hor="1400" Jr="61" NoStr="0" NoFor="0" ValAtt="1" />
            <Sp Reg="0" Sta="322" Num="20" Hor="1500" Jr="55" NoStr="0" NoFor="0" ValAtt="1" />
            <Sp Reg="0" Sta="322" Num="20" Hor="1500" Jr="62" NoStr="0" NoFor="0" ValAtt="1" />
            <Sp Reg="0" Sta="322" Num="22" Hor="1600" Jr="53" NoStr="0" NoFor="0" ValAtt="1" />
            <Sp Reg="0" Sta="322" Num="22" Hor="1600" Jr="60" NoStr="0" NoFor="0" ValAtt="1" />
            <Sp Reg="0" Sta="322" Num="22" Hor="1600" Jr="54" NoStr="0" NoFor="0" ValAtt="1" />
            <Sp Reg="0" Sta="322" Num="22" Hor="1600" Jr="61" NoStr="0" NoFor="0" ValAtt="1" />
            <Sp Reg="0" Sta="322" Num="22" Hor="1600" Jr="55" NoStr="0" NoFor="0" ValAtt="1" />
            <Sp Reg="0" Sta="322" Num="22" Hor="1600" Jr="62" NoStr="0" NoFor="0" ValAtt="1" />
            <Sp Reg="0" Sta="322" Num="24" Hor="1700" Jr="53" NoStr="0" NoFor="0" ValAtt="1" />
            <Sp Reg="0" Sta="322" Num="24" Hor="1700" Jr="60" NoStr="0" NoFor="0" ValAtt="1" />
            <Sp Reg="0" Sta="322" Num="24" Hor="1700" Jr="54" NoStr="0" NoFor="0" ValAtt="1" />
            <Sp Reg="0" Sta="322" Num="24" Hor="1700" Jr="61" NoStr="0" NoFor="0" ValAtt="1" />
            <Sp Reg="0" Sta="322" Num="24" Hor="1700" Jr="55" NoStr="0" NoFor="0" ValAtt="1" />
            <Sp Reg="0" Sta="322" Num="24" Hor="1700" Jr="62" NoStr="0" NoFor="0" ValAtt="1" />
            <Sp Reg="0" Sta="322" Num="26" Hor="1800" Jr="53" NoStr="0" NoFor="0" ValAtt="1" />
            <Sp Reg="0" Sta="322" Num="26" Hor="1800" Jr="60" NoStr="0" NoFor="0" ValAtt="1" />
            <Sp Reg="0" Sta="322" Num="26" Hor="1800" Jr="54" NoStr="0" NoFor="0" ValAtt="1" />
            <Sp Reg="0" Sta="322" Num="26" Hor="1800" Jr="61" NoStr="0" NoFor="0" ValAtt="1" />
            <Sp Reg="0" Sta="322" Num="26" Hor="1800" Jr="55" NoStr="0" NoFor="0" ValAtt="1" />
            <Sp Reg="0" Sta="322" Num="26" Hor="1800" Jr="62" NoStr="0" NoFor="0" ValAtt="1" />
            <Sp Reg="0" Sta="322" Num="28" Hor="1900" Jr="53" NoStr="0" NoFor="0" ValAtt="1" />
            <Sp Reg="0" Sta="322" Num="28" Hor="1900" Jr="60" NoStr="0" NoFor="0" ValAtt="1" />
            <Sp Reg="0" Sta="322" Num="28" Hor="1900" Jr="54" NoStr="0" NoFor="0" ValAtt="1" />
            <Sp Reg="0" Sta="322" Num="28" Hor="1900" Jr="61" NoStr="0" NoFor="0" ValAtt="1" />
            <Sp Reg="0" Sta="322" Num="28" Hor="1900" Jr="55" NoStr="0" NoFor="0" ValAtt="1" />
            <Sp Reg="0" Sta="322" Num="28" Hor="1900" Jr="62" NoStr="0" NoFor="0" ValAtt="1" />
            <Sp Reg="0" Sta="322" Num="30" Hor="2000" Jr="53" NoStr="0" NoFor="0" ValAtt="1" />
            <Sp Reg="0" Sta="322" Num="30" Hor="2000" Jr="60" NoStr="0" NoFor="0" ValAtt="1" />
            <Sp Reg="0" Sta="322" Num="32" Hor="2100" Jr="53" NoStr="0" NoFor="0" ValAtt="1" />
            <Sp Reg="0" Sta="322" Num="32" Hor="2100" Jr="60" NoStr="0" NoFor="0" ValAtt="1" />
          </SpotsPresents>
          <SpotsAbsents />
        </blocSpots>
      </Data>
      <Selections />
      <Parametres />
    </Plan>
  </Root_Plans>
  <Root_Marqueurs />
</Study>