Tarifs Multiloc 2004-2005 (01/01/2004 - 31/12/2005)
5;01/01/2004-31/12/2005
S;1,6
A;1,3
B;1
C;0,6
D;0,4

11;1,2,3,4,5,6,7,8,9,10,11
24
60
C;C;C;C;C;C;C;C;C;C;C;C;C;C;C;C;C;C;C;C;C;C;C;C;C;C;C;C;C;C;C;C;C;C;C;C;C;C;C;C;C;C;C;C;C;C;C;C;C;C;C;C;C;C;C;C;C;C;C;C;C;C;C;C;C;C;C;C;C;C;C;C;C;C;C;C;C
A;A;A;A;A;B;C;A;A;A;A;A;B;C;A;A;A;A;A;B;C;A;A;A;A;A;B;C;A;A;A;A;A;B;C;A;A;A;A;A;B;C;A;A;A;A;A;B;C;A;A;A;A;A;B;C;A;A;A;A;A;B;C;A;A;A;A;A;B;C;A;A;A;A;A;B;C
A;A;S;S;S;A;B;A;A;S;S;S;A;B;A;A;S;S;S;A;B;A;A;S;S;S;A;B;A;A;S;S;S;A;B;A;A;S;S;S;A;B;A;A;S;S;S;A;B;A;A;S;S;S;A;B;A;A;S;S;S;A;B;A;A;S;S;S;A;B;A;A;S;S;S;A;B
A;A;S;S;S;A;B;A;A;S;S;S;A;B;A;A;S;S;S;A;B;A;A;S;S;S;A;B;A;A;S;S;S;A;B;A;A;S;S;S;A;B;A;A;S;S;S;A;B;A;A;S;S;S;A;B;A;A;S;S;S;A;B;A;A;S;S;S;A;B;A;A;S;S;S;A;B
A;A;A;A;A;A;B;A;A;A;A;A;A;B;A;A;A;A;A;A;B;A;A;A;A;A;A;B;A;A;A;A;A;A;B;A;A;A;A;A;A;B;A;A;A;A;A;A;B;A;A;A;A;A;A;B;A;A;A;A;A;A;B;A;A;A;A;A;A;B;A;A;A;A;A;A;B
A;A;S;S;S;S;B;A;A;S;S;S;S;B;A;A;S;S;S;S;B;A;A;S;S;S;S;B;A;A;S;S;S;S;B;A;A;S;S;S;S;B;A;A;S;S;S;S;B;A;A;S;S;S;S;B;A;A;S;S;S;S;B;A;A;S;S;S;S;B;A;A;S;S;S;S;B
A;A;A;A;A;S;B;A;A;A;A;A;S;B;A;A;A;A;A;S;B;A;A;A;A;A;S;B;A;A;A;A;A;S;B;A;A;A;A;A;S;B;A;A;A;A;A;S;B;A;A;A;A;A;S;B;A;A;A;A;A;S;B;A;A;A;A;A;S;B;A;A;A;A;A;S;B
A;A;S;S;S;S;B;A;A;S;S;S;S;B;A;A;S;S;S;S;B;A;A;S;S;S;S;B;A;A;S;S;S;S;B;A;A;S;S;S;S;B;A;A;S;S;S;S;B;A;A;S;S;S;S;B;A;A;S;S;S;S;B;A;A;S;S;S;S;B;A;A;S;S;S;S;B
A;A;A;A;A;A;B;A;A;A;A;A;A;B;A;A;A;A;A;A;B;A;A;A;A;A;A;B;A;A;A;A;A;A;B;A;A;A;A;A;A;B;A;A;A;A;A;A;B;A;A;A;A;A;A;B;A;A;A;A;A;A;B;A;A;A;A;A;A;B;A;A;A;A;A;A;B
B;B;B;B;B;A;B;B;B;B;B;B;A;B;B;B;B;B;B;A;B;B;B;B;B;B;A;B;B;B;B;B;B;A;B;B;B;B;B;B;A;B;B;B;B;B;B;A;B;B;B;B;B;B;A;B;B;B;B;B;B;A;B;B;B;B;B;B;A;B;B;B;B;B;B;A;B
B;B;B;B;B;A;C;B;B;B;B;B;A;C;B;B;B;B;B;A;C;B;B;B;B;B;A;C;B;B;B;B;B;A;C;B;B;B;B;B;A;C;B;B;B;B;B;A;C;B;B;B;B;B;A;C;B;B;B;B;B;A;C;B;B;B;B;B;A;C;B;B;B;B;B;A;C
B;B;B;B;B;B;C;B;B;B;B;B;B;C;B;B;B;B;B;B;C;B;B;B;B;B;B;C;B;B;B;B;B;B;C;B;B;B;B;B;B;C;B;B;B;B;B;B;C;B;B;B;B;B;B;C;B;B;B;B;B;B;C;B;B;B;B;B;B;C;B;B;B;B;B;B;C
A;A;S;S;S;B;C;A;A;S;S;S;B;C;A;A;S;S;S;B;C;A;A;S;S;S;B;C;A;A;S;S;S;B;C;A;A;S;S;S;B;C;A;A;S;S;S;B;C;A;A;S;S;S;B;C;A;A;S;S;S;B;C;A;A;S;S;S;B;C;A;A;S;S;S;B;C
A;A;S;S;S;B;B;A;A;S;S;S;B;B;A;A;S;S;S;B;B;A;A;S;S;S;B;B;A;A;S;S;S;B;B;A;A;S;S;S;B;B;A;A;S;S;S;B;B;A;A;S;S;S;B;B;A;A;S;S;S;B;B;A;A;S;S;S;B;B;A;A;S;S;S;B;B
C;C;C;C;C;B;B;C;C;C;C;C;B;B;C;C;C;C;C;B;B;C;C;C;C;C;B;B;C;C;C;C;C;B;B;C;C;C;C;C;B;B;C;C;C;C;C;B;B;C;C;C;C;C;B;B;C;C;C;C;C;B;B;C;C;C;C;C;B;B;C;C;C;C;C;B;B
C;C;C;C;C;B;C;C;C;C;C;C;B;C;C;C;C;C;C;B;C;C;C;C;C;C;B;C;C;C;C;C;C;B;C;C;C;C;C;C;B;C;C;C;C;C;C;B;C;C;C;C;C;C;B;C;C;C;C;C;C;B;C;C;C;C;C;C;B;C;C;C;C;C;C;B;C
D;D;D;D;D;D;D;D;D;D;D;D;D;D;D;D;D;D;D;D;D;D;D;D;D;D;D;D;D;D;D;D;D;D;D;D;D;D;D;D;D;D;D;D;D;D;D;D;D;D;D;D;D;D;D;D;D;D;D;D;D;D;D;D;D;D;D;D;D;D;D;D;D;D;D;D;D
D;D;D;D;D;D;D;D;D;D;D;D;D;D;D;D;D;D;D;D;D;D;D;D;D;D;D;D;D;D;D;D;D;D;D;D;D;D;D;D;D;D;D;D;D;D;D;D;D;D;D;D;D;D;D;D;D;D;D;D;D;D;D;D;D;D;D;D;D;D;D;D;D;D;D;D;D
D;D;D;D;D;D;D;D;D;D;D;D;D;D;D;D;D;D;D;D;D;D;D;D;D;D;D;D;D;D;D;D;D;D;D;D;D;D;D;D;D;D;D;D;D;D;D;D;D;D;D;D;D;D;D;D;D;D;D;D;D;D;D;D;D;D;D;D;D;D;D;D;D;D;D;D;D
D;D;D;D;D;D;D;D;D;D;D;D;D;D;D;D;D;D;D;D;D;D;D;D;D;D;D;D;D;D;D;D;D;D;D;D;D;D;D;D;D;D;D;D;D;D;D;D;D;D;D;D;D;D;D;D;D;D;D;D;D;D;D;D;D;D;D;D;D;D;D;D;D;D;D;D;D
D;D;D;D;D;D;D;D;D;D;D;D;D;D;D;D;D;D;D;D;D;D;D;D;D;D;D;D;D;D;D;D;D;D;D;D;D;D;D;D;D;D;D;D;D;D;D;D;D;D;D;D;D;D;D;D;D;D;D;D;D;D;D;D;D;D;D;D;D;D;D;D;D;D;D;D;D
D;D;D;D;D;D;D;D;D;D;D;D;D;D;D;D;D;D;D;D;D;D;D;D;D;D;D;D;D;D;D;D;D;D;D;D;D;D;D;D;D;D;D;D;D;D;D;D;D;D;D;D;D;D;D;D;D;D;D;D;D;D;D;D;D;D;D;D;D;D;D;D;D;D;D;D;D
D;D;D;D;D;D;D;D;D;D;D;D;D;D;D;D;D;D;D;D;D;D;D;D;D;D;D;D;D;D;D;D;D;D;D;D;D;D;D;D;D;D;D;D;D;D;D;D;D;D;D;D;D;D;D;D;D;D;D;D;D;D;D;D;D;D;D;D;D;D;D;D;D;D;D;D;D
D;D;D;D;D;D;D;D;D;D;D;D;D;D;D;D;D;D;D;D;D;D;D;D;D;D;D;D;D;D;D;D;D;D;D;D;D;D;D;D;D;D;D;D;D;D;D;D;D;D;D;D;D;D;D;D;D;D;D;D;D;D;D;D;D;D;D;D;D;D;D;D;D;D;D;D;D

130;01/01/2004-31/12/2005       
207;ABBEVILLE;19;22;;;;;;;;; 
1;AIX EN PROVENCE;;;36;;;;;;;; 
2;AJACCIO;68;29,73;29,73;;;;;;;; 
115;ALBERTVILLE;;;15;;;;;;;; 
82;ALBI;;19;;;;;;;;; 
117;ALES;;;27;;;;;;;; 
3;AMIENS;28;36;;;;;;;;; 
4;ANGERS;27;19;;;;;;;;; 
5;ANNECY;25;24;;;;;;;;; 
6;ANNEMASSE;37;;41;;;;;;;; 
83;ANNONAY;;13;;;;;;;;; 
7;ARCACHON;32;;;;;;;;;; 
118;ARRAS;;;22;;;;;;;; 
84;AUBENAS/PRIVAS/LE CHEYLARD;;23;;;;;;;;; 
8;AVIGNON;28;25;26;;;;;;;; 
214;BAGNERES DE BIGORRE;;;16;;;;;;;; 
9;BASTIA;62,83;59,74;29,73;;;;;;;; 
10;BEAUVAIS;23;;;;;;;;;; 
119;BEDARIEUX;;;13;;;;;;;; 
102;BELFORT / MONTBELIARD;;22;;;;;;;;; 
85;BESANCON;;17;;;;;;;;; 
11;BEZIERS;19;18;;;;;;;;; 
12;BIARRITZ;34;;;;;;;;;; 
13;BORDEAUX;66;42;48;;;;;;;; 
215;BOUCHES DU RHONE;x;x;78;;;;;;;; 
14;BOURG EN BRESSE;18;;19;;;;;;;; 
86;BOURGOIN;;21;;;;;;;;; 
15;BREST;25;21;;;;;;;;; 
230;BRETAGNE CENTRE;;;;;;;17;;;; 
228;BRETAGNE SUD;;;;;;;;;17;; 
18;CAEN;39;;33;;;;;;;; 
87;CAMBRAI;;20;;;;;;;;; 
88;CARCASSONNE;;22;;;;;;;;; 
89;CASTRES;;13;;;;;;;;; 
20;CHALON SUR SAONE;23;23;;;;;;;;; 
21;CHAMBERY;25;22;;;;;;;;; 
23;CHARLEVILLE MEZIERES / SEDAN;20;;;;;;;;;; 
91;CHARTRES;;18;;;;;;;;; 
24;CH�TEAU THIERRY;16;;;;;;;;;; 
92;CHAUMONT;;18;;;;;;;;; 
25;CHERBOURG;22;;;;;;;;;; 
26;CLERMONT FERRAND;31;31;24;;;;;;;; 
27;COLMAR;27;;27;;;;;;;; 
28;COMPIEGNE;18;;;;;;;;;; 
211;COURCHEVEL;;;43;;;;;;;; 
29;DECAZEVILLE;;15;;;;;;;;; 
30;DIEPPE;26;;;;;;;;;; 
93;DIJON;;29;29;;;;;;;; 
31;DRAGUIGNAN;31;;;;;;;;;; 
32;FLERS / LA FERTE MACE;19;;;;;;;;;; 
33;FONTENAY LE COMTE;12;;;;;;;;;; 
35;GRENOBLE;28;36;35;;;;;;;; 
120;LA FLECHE / CH�TEAU DU LOIR;;;14;;;;;;;; 
121;LA ROCHELLE;;;26;;;;;;;; 
37;L'AIGLE;14;;;;;;;;;; 
94;LANNION;;35;;;;;;;;; 
96;LE MANS;;26;24;;;;;;;; 
39;LE PUY EN VELAY;24;;;;;;;;;; 
178;LE TREPORT;18;;;;;;;;;; 
97;LENS;;38;33;;;;;;;; 
216;LES GETS;;20,63;;;;;;;;; 
217;MORZINE;;;20,63;;;;;;;; 
41;LILLE;52;73;;;;;;;;; 
98;LIMOGES;;20;;;;;;;;; 
99;LONS LE SAULNIER;;19;;;;;;;;; 
229;LORIENT;;;;;;;;17;;; 
208;LUCHON / ST GAUDENS;;;20;;;;;;;; 
42;LYON;35;54;74;;;34;;;;24;15
100;MACON;;23;20;;;;;;;; 
175;MARIGNANE / ETANG DE BERRE;;15;;;;;;;;; 
43;MARSEILLE;93;75;62;;;;;;;; 
44;MENTON;27;;20;23;;;;;;; 
45;METZ;45;37;34;;;;;;;; 
210;MIMIZAN;18;;;;;;;;;; 
122;MONTAUBAN;;;30;;;;;;;; 
46;MONTCEAU LES MINES;20;20;;;;;;;;; 
47;MONTELIMAR;17;;18;;;;;;;; 
48;MONTPELLIER;54;40;;;;;;;;; 
49;MULHOUSE;55;;43;;;;;;;; 
51;NANCY;45;25;35;;;;;;;; 
52;NANTES;34;30;;;;;;;;; 
53;NEVERS;21;;;;;;;;;; 
54;NICE;53;57;65;57;;;;;;; 
55;NIMES;22;31;;;;;;;;; 
56;NIORT;18;;;;;;;;;; 
176;ORANGE / NYONS;15;;18;;;;;;;; 
57;ORLEANS;30;;;;;;;;;; 
124;OYONNAX ;;;17;;;;;;;; 
232;ORTHEZ;;10;;;;;;;;; 
231;PAU;22;;;;;;;;;; 
209;PAYS DE BRAY;22;;;;;;;;;;
221;PAYS DU MT BLANC / ST GERVAIS;;18;;;;;;;;;
222;PERIGUEUX;;46;;;;;;;;;
59;PERPIGNAN;35;29;;;;;;;;;
173;POITIERS;;20;;;;;;;;;
60;PORTO VECCHIO;41,20;;29,73;;;;;;;; 
104;QUIMPER;;18;;;;;;;;; 
61;REIMS;28;;;;;;;;;; 
62;REMIREMONT;35;;;;;;;;;; 
63;RENNES;33;26;;;;;;;;; 
64;ROANNE;24;21;;;;;;;;; 
223;ROCHEFORT ;;;13;;;;;;;; 
105;RODEZ;;18;;;;;;;;; 
65;ROUEN;48;47;39;;;;;;;; 
106;SABLE SUR SARTHE;;14;;;;;;;;; 
127;SAINT CLAUDE;;;15;;;;;;;; 
107;SAINT DIZIER;;14;;;;;;;;; 
224;SAINTES;;;13;;;;;;;; 
69;SAINT ETIENNE;30;30;;;;;;;;; 
108;SAINT FLOUR;;23;;;;;;;;; 
70;SAINT NAZAIRE;22;;;;;;;;;; 
71;SAINT OMER;30;;;;;;;;;; 
73;SAINT TROPEZ;31;;;;;;;;;; 
218;SARTHE;;33;31;;;;;;;; 
67;SETE;21;;;;;;;;;; 
219;SOMME;x;x;;;;;;;;;
72;STRASBOURG;75;;60;;;;;;;; 
74;TARBES / LOURDES;19;;;;;;;;;; 
75;THIONVILLE;35;;;;;;;;;; 
110;TOULON;;21;;;;;;;;; 
76;TOULOUSE;60;45;45;;;;;;;; 
77;TOURS;27;27;;;;;;;;; 
78;TROYES;30;26;;;;;;;;; 
79;VALENCE;22;;22;;;;;;;; 
80;VERDUN;17;;;;;;;;;; 
111;VESOUL;;17;;;;;;;;; 
112;VICHY;;20;;;;;;;;; 
113;VIENNE;;21;;;;;;;;; 
114;VILLEFRANCHE SUR SAONE;;31;;;;;;;;; 
212;YSSINGEAUX;18;;;;;;;;;; 

3
ROUGE;1,2
BLANCHE;1
BLEUE;1

17
01/01/2004-08/02/2004;BLEUE
09/02/2004-15/02/2004;ROUGE
16/02/2004-14/03/2004;BLEUE
15/03/2004-02/05/2004;ROUGE
03/05/2004-16/05/2004;BLEUE
17/05/2004-11/07/2004;ROUGE
12/07/2004-25/07/2004;BLEUE;EXCEPT(12,44,54,59,70,176)
12/07/2004-25/07/2004;ROUGE;ONLY(12,44,54,59,70,176)
26/07/2004-22/08/2004;BLEUE;EXCEPT(12);
26/07/2004-22/08/2004;ROUGE;ONLY(12)
23/08/2004-12/09/2004;ROUGE
13/09/2004-26/09/2004;BLEUE
27/09/2004-24/10/2004;ROUGE
25/10/2004-07/11/2004;BLEUE
08/11/2004-26/12/2004;ROUGE
27/12/2004-31/12/2004;BLEUE
01/01/2005-31/12/2005;ROUGE




