Tarifs Multiloc  (01/10/2006 - 31/12/2006) avec ajout Top2/Double Impact/Impact/Triple Impact
5;01/01/2006-31/12/2006
S;1,6
A;1,3
B;1
C;0,6
D;0,4

20;1,2,3,4,5,6,7,8,9,10,11,12,13,14,15,16,17,18,19,20
24
60
C;C;C;C;C;C;C;C;C;C;C;C;C;C;C;C;C;C;C;C;C;C;C;C;C;C;C;C;C;C;C;C;C;C;C;C;C;C;C;C;C;C;C;C;C;C;C;C;C;C;C;C;C;C;C;C;C;C;C;C;C;C;C;C;C;C;C;C;C;C;C;C;C;C;C;C;C;C;C;C;C;C;C;C;C;C;C;C;C;C;C;C;C;C;C;C;C;C;C;C;C;C;C;C;C;C;C;C;C;C;C;C;C;C;C;C;C;C;C;C;C;C;C;C;C;C;C;C;C;C;C;C;C;C;C;C;C;C;C;C;	
A;A;A;A;A;B;C;A;A;A;A;A;B;C;A;A;A;A;A;B;C;A;A;A;A;A;B;C;A;A;A;A;A;B;C;A;A;A;A;A;B;C;A;A;A;A;A;B;C;A;A;A;A;A;B;C;A;A;A;A;A;B;C;A;A;A;A;A;B;C;A;A;A;A;A;B;C;A;A;A;A;A;B;C;A;A;A;A;A;B;C;A;A;A;A;A;B;C;A;A;A;A;A;B;C;A;A;A;A;A;B;C;A;A;A;A;A;B;C;A;A;A;A;A;B;C;A;A;A;A;A;B;C;A;A;A;A;A;B;C;      
A;A;S;S;S;A;B;A;A;S;S;S;A;B;A;A;S;S;S;A;B;A;A;S;S;S;A;B;A;A;S;S;S;A;B;A;A;S;S;S;A;B;A;A;S;S;S;A;B;A;A;S;S;S;A;B;A;A;S;S;S;A;B;A;A;S;S;S;A;B;A;A;S;S;S;A;B;A;A;S;S;S;A;B;A;A;S;S;S;A;B;A;A;S;S;S;A;B;A;A;S;S;S;A;B;A;A;S;S;S;A;B;A;A;S;S;S;A;B;A;A;S;S;S;A;B;A;A;S;S;S;A;B;A;A;S;S;S;A;B;      
A;A;S;S;S;A;B;A;A;S;S;S;A;B;A;A;S;S;S;A;B;A;A;S;S;S;A;B;A;A;S;S;S;A;B;A;A;S;S;S;A;B;A;A;S;S;S;A;B;A;A;S;S;S;A;B;A;A;S;S;S;A;B;A;A;S;S;S;A;B;A;A;S;S;S;A;B;A;A;S;S;S;A;B;A;A;S;S;S;A;B;A;A;S;S;S;A;B;A;A;S;S;S;A;B;A;A;S;S;S;A;B;A;A;S;S;S;A;B;A;A;S;S;S;A;B;A;A;S;S;S;A;B;A;A;S;S;S;A;B;      
A;A;A;A;A;A;B;A;A;A;A;A;A;B;A;A;A;A;A;A;B;A;A;A;A;A;A;B;A;A;A;A;A;A;B;A;A;A;A;A;A;B;A;A;A;A;A;A;B;A;A;A;A;A;A;B;A;A;A;A;A;A;B;A;A;A;A;A;A;B;A;A;A;A;A;A;B;A;A;A;A;A;A;B;A;A;A;A;A;A;B;A;A;A;A;A;A;B;A;A;A;A;A;A;B;A;A;A;A;A;A;B;A;A;A;A;A;A;B;A;A;A;A;A;A;B;A;A;A;A;A;A;B;A;A;A;A;A;A;B;      
A;A;S;S;S;S;B;A;A;S;S;S;S;B;A;A;S;S;S;S;B;A;A;S;S;S;S;B;A;A;S;S;S;S;B;A;A;S;S;S;S;B;A;A;S;S;S;S;B;A;A;S;S;S;S;B;A;A;S;S;S;S;B;A;A;S;S;S;S;B;A;A;S;S;S;S;B;A;A;S;S;S;S;B;A;A;S;S;S;S;B;A;A;S;S;S;S;B;A;A;S;S;S;S;B;A;A;S;S;S;S;B;A;A;S;S;S;S;B;A;A;S;S;S;S;B;A;A;S;S;S;S;B;A;A;S;S;S;S;B;      
A;A;A;A;A;S;B;A;A;A;A;A;S;B;A;A;A;A;A;S;B;A;A;A;A;A;S;B;A;A;A;A;A;S;B;A;A;A;A;A;S;B;A;A;A;A;A;S;B;A;A;A;A;A;S;B;A;A;A;A;A;S;B;A;A;A;A;A;S;B;A;A;A;A;A;S;B;A;A;A;A;A;S;B;A;A;A;A;A;S;B;A;A;A;A;A;S;B;A;A;A;A;A;S;B;A;A;A;A;A;S;B;A;A;A;A;A;S;B;A;A;A;A;A;S;B;A;A;A;A;A;S;B;A;A;A;A;A;S;B;      
A;A;S;S;S;S;B;A;A;S;S;S;S;B;A;A;S;S;S;S;B;A;A;S;S;S;S;B;A;A;S;S;S;S;B;A;A;S;S;S;S;B;A;A;S;S;S;S;B;A;A;S;S;S;S;B;A;A;S;S;S;S;B;A;A;S;S;S;S;B;A;A;S;S;S;S;B;A;A;S;S;S;S;B;A;A;S;S;S;S;B;A;A;S;S;S;S;B;A;A;S;S;S;S;B;A;A;S;S;S;S;B;A;A;S;S;S;S;B;A;A;S;S;S;S;B;A;A;S;S;S;S;B;A;A;S;S;S;S;B;      
A;A;A;A;A;A;B;A;A;A;A;A;A;B;A;A;A;A;A;A;B;A;A;A;A;A;A;B;A;A;A;A;A;A;B;A;A;A;A;A;A;B;A;A;A;A;A;A;B;A;A;A;A;A;A;B;A;A;A;A;A;A;B;A;A;A;A;A;A;B;A;A;A;A;A;A;B;A;A;A;A;A;A;B;A;A;A;A;A;A;B;A;A;A;A;A;A;B;A;A;A;A;A;A;B;A;A;A;A;A;A;B;A;A;A;A;A;A;B;A;A;A;A;A;A;B;A;A;A;A;A;A;B;A;A;A;A;A;A;B;      
B;B;B;B;B;A;B;B;B;B;B;B;A;B;B;B;B;B;B;A;B;B;B;B;B;B;A;B;B;B;B;B;B;A;B;B;B;B;B;B;A;B;B;B;B;B;B;A;B;B;B;B;B;B;A;B;B;B;B;B;B;A;B;B;B;B;B;B;A;B;B;B;B;B;B;A;B;B;B;B;B;B;A;B;B;B;B;B;B;A;B;B;B;B;B;B;A;B;B;B;B;B;B;A;B;B;B;B;B;B;A;B;B;B;B;B;B;A;B;B;B;B;B;B;A;B;B;B;B;B;B;A;B;B;B;B;B;B;A;B;      
B;B;B;B;B;A;C;B;B;B;B;B;A;C;B;B;B;B;B;A;C;B;B;B;B;B;A;C;B;B;B;B;B;A;C;B;B;B;B;B;A;C;B;B;B;B;B;A;C;B;B;B;B;B;A;C;B;B;B;B;B;A;C;B;B;B;B;B;A;C;B;B;B;B;B;A;C;B;B;B;B;B;A;C;B;B;B;B;B;A;C;B;B;B;B;B;A;C;B;B;B;B;B;A;C;B;B;B;B;B;A;C;B;B;B;B;B;A;C;B;B;B;B;B;A;C;B;B;B;B;B;A;C;B;B;B;B;B;A;C;      
B;B;B;B;B;B;C;B;B;B;B;B;B;C;B;B;B;B;B;B;C;B;B;B;B;B;B;C;B;B;B;B;B;B;C;B;B;B;B;B;B;C;B;B;B;B;B;B;C;B;B;B;B;B;B;C;B;B;B;B;B;B;C;B;B;B;B;B;B;C;B;B;B;B;B;B;C;B;B;B;B;B;B;C;B;B;B;B;B;B;C;B;B;B;B;B;B;C;B;B;B;B;B;B;C;B;B;B;B;B;B;C;B;B;B;B;B;B;C;B;B;B;B;B;B;C;B;B;B;B;B;B;C;B;B;B;B;B;B;C;      
A;A;S;S;S;B;C;A;A;S;S;S;B;C;A;A;S;S;S;B;C;A;A;S;S;S;B;C;A;A;S;S;S;B;C;A;A;S;S;S;B;C;A;A;S;S;S;B;C;A;A;S;S;S;B;C;A;A;S;S;S;B;C;A;A;S;S;S;B;C;A;A;S;S;S;B;C;A;A;S;S;S;B;C;A;A;S;S;S;B;C;A;A;S;S;S;B;C;A;A;S;S;S;B;C;A;A;S;S;S;B;C;A;A;S;S;S;B;C;A;A;S;S;S;B;C;A;A;S;S;S;B;C;A;A;S;S;S;B;C;      
A;A;S;S;S;B;B;A;A;S;S;S;B;B;A;A;S;S;S;B;B;A;A;S;S;S;B;B;A;A;S;S;S;B;B;A;A;S;S;S;B;B;A;A;S;S;S;B;B;A;A;S;S;S;B;B;A;A;S;S;S;B;B;A;A;S;S;S;B;B;A;A;S;S;S;B;B;A;A;S;S;S;B;B;A;A;S;S;S;B;B;A;A;S;S;S;B;B;A;A;S;S;S;B;B;A;A;S;S;S;B;B;A;A;S;S;S;B;B;A;A;S;S;S;B;B;A;A;S;S;S;B;B;A;A;S;S;S;B;B;      
C;C;C;C;C;B;B;C;C;C;C;C;B;B;C;C;C;C;C;B;B;C;C;C;C;C;B;B;C;C;C;C;C;B;B;C;C;C;C;C;B;B;C;C;C;C;C;B;B;C;C;C;C;C;B;B;C;C;C;C;C;B;B;C;C;C;C;C;B;B;C;C;C;C;C;B;B;C;C;C;C;C;B;B;C;C;C;C;C;B;B;C;C;C;C;C;B;B;C;C;C;C;C;B;B;C;C;C;C;C;B;B;C;C;C;C;C;B;B;C;C;C;C;C;B;B;C;C;C;C;C;B;B;C;C;C;C;C;B;B;      
C;C;C;C;C;B;C;C;C;C;C;C;B;C;C;C;C;C;C;B;C;C;C;C;C;C;B;C;C;C;C;C;C;B;C;C;C;C;C;C;B;C;C;C;C;C;C;B;C;C;C;C;C;C;B;C;C;C;C;C;C;B;C;C;C;C;C;C;B;C;C;C;C;C;C;B;C;C;C;C;C;C;B;C;C;C;C;C;C;B;C;C;C;C;C;C;B;C;C;C;C;C;C;B;C;C;C;C;C;C;B;C;C;C;C;C;C;B;C;C;C;C;C;C;B;C;C;C;C;C;C;B;C;C;C;C;C;C;B;C;      
D;D;D;D;D;D;D;D;D;D;D;D;D;D;D;D;D;D;D;D;D;D;D;D;D;D;D;D;D;D;D;D;D;D;D;D;D;D;D;D;D;D;D;D;D;D;D;D;D;D;D;D;D;D;D;D;D;D;D;D;D;D;D;D;D;D;D;D;D;D;D;D;D;D;D;D;D;D;D;D;D;D;D;D;D;D;D;D;D;D;D;D;D;D;D;D;D;D;D;D;D;D;D;D;D;D;D;D;D;D;D;D;D;D;D;D;D;D;D;D;D;D;D;D;D;D;D;D;D;D;D;D;D;D;D;D;D;D;D;D;      
D;D;D;D;D;D;D;D;D;D;D;D;D;D;D;D;D;D;D;D;D;D;D;D;D;D;D;D;D;D;D;D;D;D;D;D;D;D;D;D;D;D;D;D;D;D;D;D;D;D;D;D;D;D;D;D;D;D;D;D;D;D;D;D;D;D;D;D;D;D;D;D;D;D;D;D;D;D;D;D;D;D;D;D;D;D;D;D;D;D;D;D;D;D;D;D;D;D;D;D;D;D;D;D;D;D;D;D;D;D;D;D;D;D;D;D;D;D;D;D;D;D;D;D;D;D;D;D;D;D;D;D;D;D;D;D;D;D;D;D;      
D;D;D;D;D;D;D;D;D;D;D;D;D;D;D;D;D;D;D;D;D;D;D;D;D;D;D;D;D;D;D;D;D;D;D;D;D;D;D;D;D;D;D;D;D;D;D;D;D;D;D;D;D;D;D;D;D;D;D;D;D;D;D;D;D;D;D;D;D;D;D;D;D;D;D;D;D;D;D;D;D;D;D;D;D;D;D;D;D;D;D;D;D;D;D;D;D;D;D;D;D;D;D;D;D;D;D;D;D;D;D;D;D;D;D;D;D;D;D;D;D;D;D;D;D;D;D;D;D;D;D;D;D;D;D;D;D;D;D;D;      
D;D;D;D;D;D;D;D;D;D;D;D;D;D;D;D;D;D;D;D;D;D;D;D;D;D;D;D;D;D;D;D;D;D;D;D;D;D;D;D;D;D;D;D;D;D;D;D;D;D;D;D;D;D;D;D;D;D;D;D;D;D;D;D;D;D;D;D;D;D;D;D;D;D;D;D;D;D;D;D;D;D;D;D;D;D;D;D;D;D;D;D;D;D;D;D;D;D;D;D;D;D;D;D;D;D;D;D;D;D;D;D;D;D;D;D;D;D;D;D;D;D;D;D;D;D;D;D;D;D;D;D;D;D;D;D;D;D;D;D;      
D;D;D;D;D;D;D;D;D;D;D;D;D;D;D;D;D;D;D;D;D;D;D;D;D;D;D;D;D;D;D;D;D;D;D;D;D;D;D;D;D;D;D;D;D;D;D;D;D;D;D;D;D;D;D;D;D;D;D;D;D;D;D;D;D;D;D;D;D;D;D;D;D;D;D;D;D;D;D;D;D;D;D;D;D;D;D;D;D;D;D;D;D;D;D;D;D;D;D;D;D;D;D;D;D;D;D;D;D;D;D;D;D;D;D;D;D;D;D;D;D;D;D;D;D;D;D;D;D;D;D;D;D;D;D;D;D;D;D;D;      
D;D;D;D;D;D;D;D;D;D;D;D;D;D;D;D;D;D;D;D;D;D;D;D;D;D;D;D;D;D;D;D;D;D;D;D;D;D;D;D;D;D;D;D;D;D;D;D;D;D;D;D;D;D;D;D;D;D;D;D;D;D;D;D;D;D;D;D;D;D;D;D;D;D;D;D;D;D;D;D;D;D;D;D;D;D;D;D;D;D;D;D;D;D;D;D;D;D;D;D;D;D;D;D;D;D;D;D;D;D;D;D;D;D;D;D;D;D;D;D;D;D;D;D;D;D;D;D;D;D;D;D;D;D;D;D;D;D;D;D;      
D;D;D;D;D;D;D;D;D;D;D;D;D;D;D;D;D;D;D;D;D;D;D;D;D;D;D;D;D;D;D;D;D;D;D;D;D;D;D;D;D;D;D;D;D;D;D;D;D;D;D;D;D;D;D;D;D;D;D;D;D;D;D;D;D;D;D;D;D;D;D;D;D;D;D;D;D;D;D;D;D;D;D;D;D;D;D;D;D;D;D;D;D;D;D;D;D;D;D;D;D;D;D;D;D;D;D;D;D;D;D;D;D;D;D;D;D;D;D;D;D;D;D;D;D;D;D;D;D;D;D;D;D;D;D;D;D;D;D;D;      
D;D;D;D;D;D;D;D;D;D;D;D;D;D;D;D;D;D;D;D;D;D;D;D;D;D;D;D;D;D;D;D;D;D;D;D;D;D;D;D;D;D;D;D;D;D;D;D;D;D;D;D;D;D;D;D;D;D;D;D;D;D;D;D;D;D;D;D;D;D;D;D;D;D;D;D;D;D;D;D;D;D;D;D;D;D;D;D;D;D;D;D;D;D;D;D;D;D;D;D;D;D;D;D;D;D;D;D;D;D;D;D;D;D;D;D;D;D;D;D;D;D;D;D;D;D;D;D;D;D;D;D;D;D;D;D;D;D;D;D;      

141;01/01/2006-31/12/2006       
207;ABBEVILLE;20;24;;;;;;;;;;;;;;;;;;
1;AIX EN PROVENCE;;;24;;;;;;;;;;;;;;;;;
2;AJACCIO;68;30;30;;;;;;;;;;;;;;;;;
115;ALBERTVILLE;;;15;;;;;;;;;;;;;;;;;
82;ALBI;;20;;;;;;;;;;;;;;;;;;
117;ALES;;;28;;;;;;;;;;;;;;;;;
3;AMIENS;29;38;;;;;;;;;;;;;;60;;;;
4;ANGERS;28;22;;;;;;;;;;;;;;45;;;;
5;ANNECY;15;26;;;;;;;;;;;;;;39;;;;
6;ANNEMASSE;40;;42;;;;;;;;;;;;;;72;;;
83;ANNONAY;;14;;;;;;;;;;;;;;;;;;
7;ARCACHON;32;;;;;;;;;;;;;;;;;;;
118;ARRAS;;;22;;;;;;;;;;;;;;;;;
84;AUBENAS/PRIVAS/LE CHEYLARD;;13;;;;;;;;;;;;;;;;;;
8;AVIGNON;30;28;28;;;;;;;;;;;;;;;;;
214;BAGNERES DE BIGORRE;;;18;;;;;;;;;;;;;;;;;
9;BASTIA;63;60;30;;;;;;;;;;;;;;;;;
10;BEAUVAIS;24;;;;;;;;;;;;;;;;;;;
119;BEDARIEUX;;;13;;;;;;;;;;;;;;;;;
102;MONTBELIARD;;18,5;;;;;;;;;;;;;;;;;;
85;BESANCON;;19;;;;;;;;;;;;;;;;;;
11;BEZIERS;20;19;;;;;;;;;;;;;;35;;;;
12;BIARRITZ;39;;;;;;;;;;;;;;;;;;;
13;BORDEAUX;75;52;54;;;;;;;;;;;;;;;;;
215;BOUCHES DU RHONE;x;x;85;;;;;;;;;;;;;;;;;
14;BOURG EN BRESSE;21;;20;;;;;;;;;;;;;;34;;;
86;BOURGOIN;;22;;;;;;;;;;;;;;;;;;
15;BREST;23;23;;;;;;;;;;;;;;42;;;;
230;BRETAGNE CENTRE;;;;;;;17;;;;;;;;;;;;;
228;BRETAGNE SUD;;;;;;;;;17;;;;;;;;;;;
18;CAEN;40;;36;;;;;;;;;;;;;;67;;;
87;CAMBRAI;;20;;;;;;;;;;;;;;;;;;
88;CARCASSONNE;;22;;;;;;;;;;;;;;;;;;
89;CASTRES;;15;;;;;;;;;;;;;;;;;;
20;CHALON SUR SAONE;23;23;;;;;;;;;;;;;;44;;;;
21;CHAMBERY;26;24;;;;;;;;;;;;;;45;;;;
23;CHARLEVILLE MEZIERES / SEDAN;15;;;;;;;;;;;;;;;;;;;
91;CHARTRES;;18;;;;;;;;;;;;;;;;;;
24;CH�TEAU THIERRY;18;;;;;;;;;;;;;;;;;;;
92;CHAUMONT;;20;;;;;;;;;;;;;;;;;;
25;CHERBOURG;23;;;;;;;;;;;;;;;;;;;
26;CLERMONT FERRAND;32;33;29;;;;;;;;;;;;;;;;;
27;COLMAR;23;;23;;;;;;;;;;;;;;42;;;
28;COMPIEGNE;20;;;;;;;;;;;;;;;;;;;
211;COURCHEVEL;;;43;;;;;;;;;;;;;;;;;
29;DECAZEVILLE;;15;;;;;;;;;;;;;;;;;;
30;DIEPPE;28;;;;;;;;;;;;;;;;;;;
93;DIJON;;30;30;;;;;;;;;;;;;;;;;
31;DRAGUIGNAN;31;;;;;;;;;;;;;;;;;;;
32;FLERS / LA FERTE MACE;21;;;;;;;;;;;;;;;;;;;
33;FONTENAY LE COMTE;10;;;;;;;;;;;;;;;;;;;
35;GRENOBLE;30;39;39;;;;;;;;;;;;;63;;;;
120;LA FLECHE / CH�TEAU DU LOIR;;;13;;;;;;;;;;;;;;;;;
121;LA ROCHELLE;;;28;;;;;;;;;;;;;;;;;
37;L'AIGLE;11;;;;;;;;;;;;;;;;;;;
94;LANNION;;35;;;;;;;;;;;;;;;;;;
96;LE MANS;;27;27;;;;;;;;;;;;;;;48;;
39;LE PUY EN VELAY;18;;;;;;;;;;;;;;;;;;;
178;LE TREPORT;20;;;;;;;;;;;;;;;;;;;
97;LENS;;39;35;;;;;;;;;;;;;;;65;;
216;LES GETS;;x;;;;;;;;;;;;;;;;;;
217;MORZINE;;;x;;;;;;;;;;;;;;;;;
41;LILLE;60;82;;;;;;;;;;;;;;120;;;;
98;LIMOGES;;21;;;;;;;;;;;;;;;;;;
99;LONS LE SAULNIER;;17;;;;;;;;;;;;;;;;;;
229;LORIENT;;;;;;;;17;;;;;;;;;;;;
208;LUCHON / ST GAUDENS;;;21;;;;;;;;;;;;;;;;;
42;LYON;35;67;93;;;34;;;;x;x;;;;;;;;;
100;MACON;;20;20;;;;;;;;;;;;;;;36;;
175;MARIGNANE / ETANG DE BERRE;;15;;;;;;;;;;;;;;;;;;
43;MARSEILLE;93;85;77;;;;;;;;;;;;;;;;;
44;MENTON;31;;23;23;;;;;;;;;;;;;;;;
45;METZ;48;38;40;;;;;;;;;;;;;86;86;72;124;15
210;MIMIZAN;18;;;;;;;;;;;;;;;;;;;
122;MONTAUBAN;;;32;;;;;;;;;;;;;;;;;
46;MONTCEAU LES MINES;17;17;;;;;;;;;;;;;;33;;;;
47;MONTELIMAR;18;;18;;;;;;;;;;;;;;;;;
48;MONTPELLIER;55;40;;;;;;;;;;;;;;;;;;
49;MULHOUSE;58;;42;;;;;;;;;;;;;;;;;
51;NANCY;47;55;40;;;;;;;;;;;;;;76;;;
52;NANTES;36;33;;;;;;;;;;;;;;63;;;;
53;NEVERS;23;;;;;;;;;;;;;;;;;;;
54;NICE;58;62;69;77;;;;;;;;;;;;;;;;
55;NIMES;19;31;;;25;;;;;;;;;;;;;;;
56;NIORT;20;;;;;;;;;;;;;;;;;;;
176;ORANGE / NYONS;17;;19;;;;;;;;;;;;;;;;;
57;ORLEANS;31;;;;;;;;;;;;;;;;;;;
124;OYONNAX ;;;17;;;;;;;;;;;;;;;;;
232;ORTHEZ;;10;;;;;;;;;;;;;;;;;;
231;PAU;25;;;;;;;;;;;;;;;;;;;
209;PAYS DE BRAY;23;;;;;;;;;;;;;;;;;;;
221;PAYS DU MT BLANC / ST GERVAIS;;23;;;;;;;;;;;;;;;;;;
222;PERIGUEUX;;46;;;;;;;;;;;;;;;;;;
59;PERPIGNAN;37;31;;;;;;;;;;;;;;;;;;
173;POITIERS;;21;;;;;;;;;;;;;;;;;;
60;PORTO VECCHIO;41;;30;;;;;;;;;;;;;;;;;
104;QUIMPER;;17;;;;;;;;;;;;;;;;;;
61;REIMS;25;;;;;;;;;;;;;;;;;;;
62;REMIREMONT;x;;;;;;;;;;;;;;;;;;;
63;RENNES;33;29;;;;;;;;;;;;;;55;;;;
64;ROANNE;25;22;;;;;;;;;;;;;;;;;;
223;ROCHEFORT ;;;14;;;;;;;;;;;;;;;;;
105;RODEZ;;19;;;;;;;;;;;;;;;;;;
65;ROUEN;50;51;45;;;;;;;;;;;;;85;80;80;120;
106;SABLE SUR SARTHE;;13;;;;;;;;;;;;;;;;;;
127;SAINT CLAUDE;;;14,5;;;;;;;;;;;;;;;;;
107;SAINT DIZIER;;16;;;;;;;;;;;;;;;;;;
224;SAINTES;;;14;;;;;;;;;18;;;;;;;;
69;SAINT ETIENNE;32;33;;;;;;;;;;;;;;;;;;
108;SAINT FLOUR;;20;;;;;;;;;;;;;;;;;;
70;SAINT NAZAIRE;21;;;;;;;;;;;;;;;;;;;
71;SAINT OMER;30;;;;;;;;;;;;;;;;;;;
73;SAINT TROPEZ;31;;;;;;;;;;;;x;;;;;;;
218;SARTHE;;33;32;;;;;;;;;;;;;;;;;
67;SETE;22;;;;;;;;;;;;;;;;;;;
219;SOMME;x;x;;;;;;;;;;;;;;;;;;
72;STRASBOURG;75;;59;;;;;;;;;;;;;;120;;;
74;TARBES / LOURDES;18;;;;;;;;;;;;;;;;;;;
75;THIONVILLE;37;;;;;;;;;;;;;;;;;;;
110;TOULON;;26;;;;;;;;;;;;;;;;;;
76;TOULOUSE;79;59;55;;;;;;;;;;;;;;;;;
77;TOURS;28;29;;;;;;;;;;;;;;54;;;;
78;TROYES;31;28;;;;;;;;;;;;;;55;;;;
79;VALENCE;23;;23;;;;;;;;;;;;;;;;;
80;VERDUN;15;;;;;;;;;;;;;;;;;;;
111;VESOUL;;18;;;;;;;;;;;;;;;;;;
112;VICHY;;21;;;;;;;;;;;;;;;;;;
113;VIENNE;;22;;;;;;;;;;;;;;;;;;
114;VILLEFRANCHE SUR SAONE;;34;;;;;;;;;;;;;;;;;;
212;YSSINGEAUX;15;;;;;;;;;;;;;;;;;;;
233;ANGOULEME;;;;;;;;;;;;26;;;;;;;;
256;COGNAC;;;;;;;;;;;;19;;;;;;;;
257;ST JEAN ANGELY;;;;;;;;;;;;15;;;;;;;;
258;DEP 16/17;;;;;;;;;;;;x;;;;;;;;
259;PERONNE;;;;;;;;;;;;;;x;;;;;;
261;DEP CHARENTES;;;;;;;;;;;;43;;;;;;;;
262;DEP CHAR.MARITIMES;;;;;;;;;;;;30;;;;;;;;
263;LES GETS / MORZINE;;25;;;;;;;;;;;;;;;;;;
264;ARLES;;;;;;;;;;;;;;;25;;;;;
265;LA ROCHELLE/SAINTES/ROCHEFORT;;;50;;;;;;;;;;;;;;;;;
266;ISSOIRE;;21,5 ;;;;;;;;;;;;;;;;;;

3
ROUGE;1,2
BLANCHE;1
BLEUE;1

7
01/01/2006-28/02/2006;BLEUE 
01/03/2006-07/05/2006;ROUGE
08/05/2006-21/05/2006;BLEUE
22/05/2006-16/07/2006;ROUGE
17/07/2006-27/08/2006;BLEUE
28/08/2006-24/12/2006;ROUGE
25/12/2006-31/12/2006;BLEUE







