Tarifs Multiloc 2003-2004 (01/01/2003 - 31/12/2004) - attention F Floating(Trh 0h00-01h00), P Floating +(Trh 01h00-02h00), O Orange(Trh 02h00-O3h00)
8
S;1,5
A;1,3
B;1
C;0,6
D;0,4
F;1
P;1,1
0;1,1

11;1,2,3,4,5,6,7,8,9,10,11
24
60
C;C;C;C;C;C;C;C;C;C;C;C;C;C;C;C;C;C;C;C;C;C;C;C;C;C;C;C;C;C;C;C;C;C;C;C;C;C;C;C;C;C;C;C;C;C;C;C;C;C;C;C;C;C;C;C;C;C;C;C;C;C;C;C;C;C;C;C;C;C;C;C;C;C;C;C;C;
A;A;A;A;A;B;C;A;A;A;A;A;B;C;A;A;A;A;A;B;C;A;A;A;A;A;B;C;A;A;A;A;A;B;C;A;A;A;A;A;B;C;A;A;A;A;A;B;C;A;A;A;A;A;B;C;A;A;A;A;A;B;C;A;A;A;A;A;B;C;A;A;A;A;A;B;C;
A;A;S;S;S;A;B;A;A;S;S;S;A;B;A;A;S;S;S;A;B;A;A;S;S;S;A;B;A;A;S;S;S;A;B;A;A;S;S;S;A;B;A;A;S;S;S;A;B;A;A;S;S;S;A;B;A;A;S;S;S;A;B;A;A;S;S;S;A;B;A;A;S;S;S;A;B;
A;A;S;S;S;A;A;A;A;S;S;S;A;A;A;A;S;S;S;A;A;A;A;S;S;S;A;A;A;A;S;S;S;A;A;A;A;S;S;S;A;A;A;A;S;S;S;A;A;A;A;S;S;S;A;A;A;A;S;S;S;A;A;A;A;S;S;S;A;A;A;A;S;S;S;A;A;
A;A;A;A;A;A;B;A;A;A;A;A;A;B;A;A;A;A;A;A;B;A;A;A;A;A;A;B;A;A;A;A;A;A;B;A;A;A;A;A;A;B;A;A;A;A;A;A;B;A;A;A;A;A;A;B;A;A;A;A;A;A;B;A;A;A;A;A;A;B;A;A;A;A;A;A;B;
A;A;S;S;S;A;C;A;A;S;S;S;A;C;A;A;S;S;S;A;C;A;A;S;S;S;A;C;A;A;S;S;S;A;C;A;A;S;S;S;A;C;A;A;S;S;S;A;C;A;A;S;S;S;A;C;A;A;S;S;S;A;C;A;A;S;S;S;A;C;A;A;S;S;S;A;C;
A;A;A;A;A;B;B;A;A;A;A;A;B;B;A;A;A;A;A;B;B;A;A;A;A;A;B;B;A;A;A;A;A;B;B;A;A;A;A;A;B;B;A;A;A;A;A;B;B;A;A;A;A;A;B;B;A;A;A;A;A;B;B;A;A;A;A;A;B;B;A;A;A;A;A;B;B;
A;A;S;S;S;A;B;A;A;S;S;S;A;B;A;A;S;S;S;A;B;A;A;S;S;S;A;B;A;A;S;S;S;A;B;A;A;S;S;S;A;B;A;A;S;S;S;A;B;A;A;S;S;S;A;B;A;A;S;S;S;A;B;A;A;S;S;S;A;B;A;A;S;S;S;A;B;
A;A;A;A;A;A;B;A;A;A;A;A;A;B;A;A;A;A;A;A;B;A;A;A;A;A;A;B;A;A;A;A;A;A;B;A;A;A;A;A;A;B;A;A;A;A;A;A;B;A;A;A;A;A;A;B;A;A;A;A;A;A;B;A;A;A;A;A;A;B;A;A;A;A;A;A;B;
B;B;B;B;B;B;B;B;B;B;B;B;B;B;B;B;B;B;B;B;B;B;B;B;B;B;B;B;B;B;B;B;B;B;B;B;B;B;B;B;B;B;B;B;B;B;B;B;B;B;B;B;B;B;B;B;B;B;B;B;B;B;B;B;B;B;B;B;B;B;B;B;B;B;B;B;B;
C;C;C;C;C;B;C;C;C;C;C;C;B;C;C;C;C;C;C;B;C;C;C;C;C;C;B;C;C;C;C;C;C;B;C;C;C;C;C;C;B;C;C;C;C;C;C;B;C;C;C;C;C;C;B;C;C;C;C;C;C;B;C;C;C;C;C;C;B;C;C;C;C;C;C;B;C;
B;B;B;B;B;C;C;B;B;B;B;B;C;C;B;B;B;B;B;C;C;B;B;B;B;B;C;C;B;B;B;B;B;C;C;B;B;B;B;B;C;C;B;B;B;B;B;C;C;B;B;B;B;B;C;C;B;B;B;B;B;C;C;B;B;B;B;B;C;C;B;B;B;B;B;C;C;
A;A;S;S;S;B;C;A;A;S;S;S;B;C;A;A;S;S;S;B;C;A;A;S;S;S;B;C;A;A;S;S;S;B;C;A;A;S;S;S;B;C;A;A;S;S;S;B;C;A;A;S;S;S;B;C;A;A;S;S;S;B;C;A;A;S;S;S;B;C;A;A;S;S;S;B;C;
A;A;S;S;S;A;B;A;A;S;S;S;A;B;A;A;S;S;S;A;B;A;A;S;S;S;A;B;A;A;S;S;S;A;B;A;A;S;S;S;A;B;A;A;S;S;S;A;B;A;A;S;S;S;A;B;A;A;S;S;S;A;B;A;A;S;S;S;A;B;A;A;S;S;S;A;B;
B;B;B;B;B;A;B;B;B;B;B;B;A;B;B;B;B;B;B;A;B;B;B;B;B;B;A;B;B;B;B;B;B;A;B;B;B;B;B;B;A;B;B;B;B;B;B;A;B;B;B;B;B;B;A;B;B;B;B;B;B;A;B;B;B;B;B;B;A;B;B;B;B;B;B;A;B;
C;C;C;C;C;B;C;C;C;C;C;C;B;C;C;C;C;C;C;B;C;C;C;C;C;C;B;C;C;C;C;C;C;B;C;C;C;C;C;C;B;C;C;C;C;C;C;B;C;C;C;C;C;C;B;C;C;C;C;C;C;B;C;C;C;C;C;C;B;C;C;C;C;C;C;B;C;
D;D;D;D;D;D;D;D;D;D;D;D;D;D;D;D;D;D;D;D;D;D;D;D;D;D;D;D;D;D;D;D;D;D;D;D;D;D;D;D;D;D;D;D;D;D;D;D;D;D;D;D;D;D;D;D;D;D;D;D;D;D;D;D;D;D;D;D;D;D;D;D;D;D;D;D;D;
D;D;D;D;D;D;D;D;D;D;D;D;D;D;D;D;D;D;D;D;D;D;D;D;D;D;D;D;D;D;D;D;D;D;D;D;D;D;D;D;D;D;D;D;D;D;D;D;D;D;D;D;D;D;D;D;D;D;D;D;D;D;D;D;D;D;D;D;D;D;D;D;D;D;D;D;D;
D;D;D;D;D;D;D;D;D;D;D;D;D;D;D;D;D;D;D;D;D;D;D;D;D;D;D;D;D;D;D;D;D;D;D;D;D;D;D;D;D;D;D;D;D;D;D;D;D;D;D;D;D;D;D;D;D;D;D;D;D;D;D;D;D;D;D;D;D;D;D;D;D;D;D;D;D;
F;F;F;F;F;F;F;F;F;F;F;F;F;F;F;F;F;F;F;F;F;F;F;F;F;F;F;F;F;F;F;F;F;F;F;F;F;F;F;F;F;F;F;F;F;F;F;F;F;F;F;F;F;F;F;F;F;F;F;F;F;F;F;F;F;F;F;F;F;F;F;F;F;F;F;F;F;
P;P;P;P;P;P;P;P;P;P;P;P;P;P;P;P;P;P;P;P;P;P;P;P;P;P;P;P;P;P;P;P;P;P;P;P;P;P;P;P;P;P;P;P;P;P;P;P;P;P;P;P;P;P;P;P;P;P;P;P;P;P;P;P;P;P;P;P;P;P;P;P;P;P;P;P;P;
0;O;O;O;O;O;0;O;O;O;O;O;0;O;O;O;O;O;0;O;O;O;O;O;0;O;O;O;O;O;0;O;O;O;O;O;0;O;O;O;O;O;0;O;O;O;O;O;0;O;O;O;O;O;0;O;O;O;O;O;0;O;O;O;O;O;0;O;O;O;O;O;0;O;O;O;O;
D;D;D;D;D;D;D;D;D;D;D;D;D;D;D;D;D;D;D;D;D;D;D;D;D;D;D;D;D;D;D;D;D;D;D;D;D;D;D;D;D;D;D;D;D;D;D;D;D;D;D;D;D;D;D;D;D;D;D;D;D;D;D;D;D;D;D;D;D;D;D;D;D;D;D;D;D;
D;D;D;D;D;D;D;D;D;D;D;D;D;D;D;D;D;D;D;D;D;D;D;D;D;D;D;D;D;D;D;D;D;D;D;D;D;D;D;D;D;D;D;D;D;D;D;D;D;D;D;D;D;D;D;D;D;D;D;D;D;D;D;D;D;D;D;D;D;D;D;D;D;D;D;D;D;

4
ROUGE;1,2
BLANCHE;1
BLEUE;0,7
ORANGE;1,1

731
01/01/2003;BLANCHE
02/01/2003;BLANCHE
03/01/2003;BLANCHE
04/01/2003;BLANCHE
05/01/2003;BLEU
06/01/2003;BLANCHE
07/01/2003;BLANCHE
08/01/2003;BLANCHE
09/01/2003;BLANCHE
10/01/2003;BLANCHE
11/01/2003;BLANCHE
12/01/2003;BLEU
13/01/2003;BLANCHE
14/01/2003;BLANCHE
15/01/2003;BLANCHE
16/01/2003;BLANCHE
17/01/2003;BLANCHE
18/01/2003;BLANCHE
19/01/2003;BLEU
20/01/2003;BLANCHE
21/01/2003;BLANCHE
22/01/2003;BLANCHE
23/01/2003;BLANCHE
24/01/2003;BLANCHE
25/01/2003;BLANCHE
26/01/2003;BLEU
27/01/2003;BLANCHE
28/01/2003;BLANCHE
29/01/2003;BLANCHE
30/01/2003;BLANCHE
31/01/2003;BLANCHE
01/02/2003;BLANCHE
02/02/2003;BLEU
03/02/2003;BLANCHE
04/02/2003;BLANCHE
05/02/2003;BLANCHE
06/02/2003;BLANCHE
07/02/2003;BLANCHE
08/02/2003;BLANCHE
09/02/2003;BLEU
10/02/2003;ROUGE
11/02/2003;ROUGE
12/02/2003;ROUGE
13/02/2003;ROUGE
14/02/2003;ROUGE
15/02/2003;ROUGE
16/02/2003;BLEU
17/02/2003;BLANCHE
18/02/2003;BLANCHE
19/02/2003;BLANCHE
20/02/2003;BLANCHE
21/02/2003;BLANCHE
22/02/2003;BLANCHE
23/02/2003;BLEU
24/02/2003;BLANCHE
25/02/2003;BLANCHE
26/02/2003;BLANCHE
27/02/2003;BLANCHE
28/02/2003;BLANCHE
01/03/2003;BLANCHE
02/03/2003;BLEU
03/03/2003;BLANCHE
04/03/2003;BLANCHE
05/03/2003;BLANCHE
06/03/2003;BLANCHE
07/03/2003;BLANCHE
08/03/2003;BLANCHE
09/03/2003;BLEU  
10/03/2003;BLANCHE
11/03/2003;BLANCHE
12/03/2003;BLANCHE
13/03/2003;BLANCHE
14/03/2003;BLANCHE
15/03/2003;BLANCHE
16/03/2003;BLEU  
17/03/2003;ROUGE
18/03/2003;ROUGE
19/03/2003;ROUGE
20/03/2003;ROUGE
21/03/2003;ROUGE
22/03/2003;ROUGE
23/03/2003;BLEU  
24/03/2003;ROUGE
25/03/2003;ROUGE
26/03/2003;ROUGE
27/03/2003;ROUGE
28/03/2003;ROUGE
29/03/2003;ROUGE
30/03/2003;BLEU  
31/03/2003;ROUGE
01/04/2003;ROUGE
02/04/2003;ROUGE
03/04/2003;ROUGE
04/04/2003;ROUGE
05/04/2003;ROUGE
06/04/2003;BLEU  
07/04/2003;BLANCHE
08/04/2003;BLANCHE
09/04/2003;BLANCHE
10/04/2003;BLANCHE
11/04/2003;BLANCHE
12/04/2003;BLANCHE
13/04/2003;BLEU  
14/04/2003;BLANCHE
15/04/2003;BLANCHE
16/04/2003;BLANCHE
17/04/2003;BLANCHE
18/04/2003;BLANCHE
19/04/2003;BLANCHE
20/04/2003;BLEU  
21/04/2003;ROUGE
22/04/2003;ROUGE
23/04/2003;ROUGE
24/04/2003;ROUGE
25/04/2003;ROUGE
26/04/2003;ROUGE
27/04/2003;BLEU  
28/04/2003;ROUGE
29/04/2003;ROUGE
30/04/2003;ROUGE
01/05/2003;BLANCHE
02/05/2003;BLANCHE
03/05/2003;BLANCHE
04/05/2003;BLEU  
05/05/2003;BLANCHE
06/05/2003;BLANCHE
07/05/2003;BLANCHE
08/05/2003;BLANCHE
09/05/2003;BLANCHE
10/05/2003;BLANCHE
11/05/2003;BLEU  
12/05/2003;BLANCHE
13/05/2003;BLANCHE
14/05/2003;BLANCHE
15/05/2003;BLANCHE
16/05/2003;BLANCHE
17/05/2003;BLANCHE
18/05/2003;BLEU  
19/05/2003;ROUGE
20/05/2003;ROUGE
21/05/2003;ROUGE
22/05/2003;ROUGE
23/05/2003;ROUGE
24/05/2003;ROUGE
25/05/2003;BLEU  
26/05/2003;ROUGE
27/05/2003;ROUGE
28/05/2003;ROUGE
29/05/2003;ROUGE
30/05/2003;ROUGE
31/05/2003;ROUGE
01/06/2003;BLEU  
02/06/2003;ROUGE
03/06/2003;ROUGE
04/06/2003;ROUGE
05/06/2003;ROUGE
06/06/2003;ROUGE
07/06/2003;ROUGE
08/06/2003;BLEU  
09/06/2003;ROUGE
10/06/2003;ROUGE
11/06/2003;ROUGE
12/06/2003;ROUGE
13/06/2003;ROUGE
14/06/2003;ROUGE
15/06/2003;BLEU  
16/06/2003;ROUGE
17/06/2003;ROUGE
18/06/2003;ROUGE
19/06/2003;ROUGE
20/06/2003;ROUGE
21/06/2003;ROUGE
22/06/2003;BLEU  
23/06/2003;ROUGE
24/06/2003;ROUGE
25/06/2003;ROUGE
26/06/2003;ROUGE
27/06/2003;ROUGE
28/06/2003;ROUGE
29/06/2003;BLEU  
30/06/2003;BLANCHE
01/07/2003;BLANCHE
02/07/2003;BLANCHE
03/07/2003;BLANCHE
04/07/2003;BLANCHE
05/07/2003;BLANCHE
06/07/2003;BLEU  
07/07/2003;BLANCHE
08/07/2003;BLANCHE
09/07/2003;BLANCHE
10/07/2003;BLANCHE
11/07/2003;BLANCHE
12/07/2003;BLANCHE
13/07/2003;BLEU  
14/07/2003;BLANCHE
15/07/2003;BLANCHE
16/07/2003;BLANCHE
17/07/2003;BLANCHE
18/07/2003;BLANCHE
19/07/2003;BLANCHE
20/07/2003;BLEU  
21/07/2003;BLANCHE
22/07/2003;BLANCHE
23/07/2003;BLANCHE
24/07/2003;BLANCHE
25/07/2003;BLANCHE
26/07/2003;BLANCHE
27/07/2003;BLEU  
28/07/2003;BLANCHE
29/07/2003;BLANCHE
30/07/2003;BLANCHE
31/07/2003;BLANCHE
01/08/2003;BLANCHE
02/08/2003;BLANCHE
03/08/2003;BLEU  
04/08/2003;BLANCHE
05/08/2003;BLANCHE
06/08/2003;BLANCHE
07/08/2003;BLANCHE
08/08/2003;BLANCHE
09/08/2003;BLANCHE
10/08/2003;BLEU  
11/08/2003;BLANCHE
12/08/2003;BLANCHE
13/08/2003;BLANCHE
14/08/2003;BLANCHE
15/08/2003;BLANCHE
16/08/2003;BLANCHE
17/08/2003;BLEU  
18/08/2003;BLANCHE
19/08/2003;BLANCHE
20/08/2003;BLANCHE
21/08/2003;BLANCHE
22/08/2003;BLANCHE
23/08/2003;BLANCHE
24/08/2003;BLEU  
25/08/2003;ROUGE
26/08/2003;ROUGE
27/08/2003;ROUGE
28/08/2003;ROUGE
29/08/2003;ROUGE
30/08/2003;ROUGE
31/08/2003;BLEU  
01/09/2003;ROUGE
02/09/2003;ROUGE
03/09/2003;ROUGE
04/09/2003;ROUGE
05/09/2003;ROUGE
06/09/2003;ROUGE
07/09/2003;BLEU  
08/09/2003;ROUGE
09/09/2003;ROUGE
10/09/2003;ROUGE
11/09/2003;ROUGE
12/09/2003;ROUGE
13/09/2003;ROUGE
14/09/2003;BLEU  
15/09/2003;BLANCHE
16/09/2003;BLANCHE
17/09/2003;BLANCHE
18/09/2003;BLANCHE
19/09/2003;BLANCHE
20/09/2003;BLANCHE
21/09/2003;BLEU  
22/09/2003;BLANCHE
23/09/2003;BLANCHE
24/09/2003;BLANCHE
25/09/2003;BLANCHE
26/09/2003;BLANCHE
27/09/2003;BLANCHE
28/09/2003;BLEU  
29/09/2003;ROUGE
30/09/2003;ROUGE
01/10/2003;ROUGE
02/10/2003;ROUGE
03/10/2003;ROUGE
04/10/2003;ROUGE
05/10/2003;BLEU  
06/10/2003;ROUGE
07/10/2003;ROUGE
08/10/2003;ROUGE
09/10/2003;ROUGE
10/10/2003;ROUGE
11/10/2003;ROUGE
12/10/2003;BLEU  
13/10/2003;ROUGE
14/10/2003;ROUGE
15/10/2003;ROUGE
16/10/2003;ROUGE
17/10/2003;ROUGE
18/10/2003;ROUGE
19/10/2003;BLEU  
20/10/2003;ROUGE
21/10/2003;ROUGE
22/10/2003;ROUGE
23/10/2003;ROUGE
24/10/2003;ROUGE
25/10/2003;ROUGE
26/10/2003;BLEU  
27/10/2003;ROUGE
28/10/2003;ROUGE
29/10/2003;ROUGE
30/10/2003;ROUGE
31/10/2003;ROUGE
01/11/2003;ROUGE
02/11/2003;BLEU  
03/11/2003;ROUGE
04/11/2003;ROUGE
05/11/2003;ROUGE
06/11/2003;ROUGE
07/11/2003;ROUGE
08/11/2003;ROUGE
09/11/2003;BLEU  
10/11/2003;BLANCHE
11/11/2003;BLANCHE
12/11/2003;BLANCHE
13/11/2003;BLANCHE
14/11/2003;BLANCHE
15/11/2003;BLANCHE
16/11/2003;BLEU  
17/11/2003;BLANCHE
18/11/2003;BLANCHE
19/11/2003;BLANCHE
20/11/2003;BLANCHE
21/11/2003;BLANCHE
22/11/2003;BLANCHE
23/11/2003;BLEU  
24/11/2003;BLANCHE
25/11/2003;BLANCHE
26/11/2003;BLANCHE
27/11/2003;BLANCHE
28/11/2003;BLANCHE
29/11/2003;BLANCHE
30/11/2003;BLEU  
01/12/2003;ROUGE
02/12/2003;ROUGE
03/12/2003;ROUGE
04/12/2003;ROUGE
05/12/2003;ROUGE
06/12/2003;ROUGE
07/12/2003;ROUGE  
08/12/2003;ROUGE
09/12/2003;ROUGE
10/12/2003;ROUGE
11/12/2003;ROUGE
12/12/2003;ROUGE
13/12/2003;ROUGE
14/12/2003;ROUGE  
15/12/2003;ROUGE
16/12/2003;ROUGE
17/12/2003;ROUGE
18/12/2003;ROUGE
19/12/2003;ROUGE
20/12/2003;ROUGE
21/12/2003;ROUGE  
22/12/2003;BLANCHE
23/12/2003;BLANCHE
24/12/2003;BLANCHE
25/12/2003;BLANCHE
26/12/2003;BLANCHE
27/12/2003;BLANCHE
28/12/2003;BLANCHE
29/12/2003;BLANCHE
30/12/2003;BLANCHE
31/12/2003;BLANCHE
01/01/2004;
02/01/2004;
03/01/2004;
04/01/2004;
05/01/2004;
06/01/2004;
07/01/2004;
08/01/2004;
09/01/2004;
10/01/2004;
11/01/2004;
12/01/2004;
13/01/2004;
14/01/2004;
15/01/2004;
16/01/2004;
17/01/2004;
18/01/2004;
19/01/2004;
20/01/2004;
21/01/2004;
22/01/2004;
23/01/2004;
24/01/2004;
25/01/2004;
26/01/2004;
27/01/2004;
28/01/2004;
29/01/2004;
30/01/2004;
31/01/2004;
01/02/2004;
02/02/2004;
03/02/2004;
04/02/2004;
05/02/2004;
06/02/2004;
07/02/2004;
08/02/2004;
09/02/2004;
10/02/2004;
11/02/2004;
12/02/2004;
13/02/2004;
14/02/2004;
15/02/2004;
16/02/2004;
17/02/2004;
18/02/2004;
19/02/2004;
20/02/2004;
21/02/2004;
22/02/2004;
23/02/2004;
24/02/2004;
25/02/2004;
26/02/2004;
27/02/2004;
28/02/2004;
29/02/2004;
01/03/2004;
02/03/2004;
03/03/2004;
04/03/2004;
05/03/2004;
06/03/2004;
07/03/2004;
08/03/2004;
09/03/2004;
10/03/2004;
11/03/2004;
12/03/2004;
13/03/2004;
14/03/2004;
15/03/2004;
16/03/2004;
17/03/2004;
18/03/2004;
19/03/2004;
20/03/2004;
21/03/2004;
22/03/2004;
23/03/2004;
24/03/2004;
25/03/2004;
26/03/2004;
27/03/2004;
28/03/2004;
29/03/2004;
30/03/2004;
31/03/2004;
01/04/2004;
02/04/2004;
03/04/2004;
04/04/2004;
05/04/2004;
06/04/2004;
07/04/2004;
08/04/2004;
09/04/2004;
10/04/2004;
11/04/2004;
12/04/2004;
13/04/2004;
14/04/2004;
15/04/2004;
16/04/2004;
17/04/2004;
18/04/2004;
19/04/2004;
20/04/2004;
21/04/2004;
22/04/2004;
23/04/2004;
24/04/2004;
25/04/2004;
26/04/2004;
27/04/2004;
28/04/2004;
29/04/2004;
30/04/2004;
01/05/2004;
02/05/2004;
03/05/2004;
04/05/2004;
05/05/2004;
06/05/2004;
07/05/2004;
08/05/2004;
09/05/2004;
10/05/2004;
11/05/2004;
12/05/2004;
13/05/2004;
14/05/2004;
15/05/2004;
16/05/2004;
17/05/2004;
18/05/2004;
19/05/2004;
20/05/2004;
21/05/2004;
22/05/2004;
23/05/2004;
24/05/2004;
25/05/2004;
26/05/2004;
27/05/2004;
28/05/2004;
29/05/2004;
30/05/2004;
31/05/2004;
01/06/2004;
02/06/2004;
03/06/2004;
04/06/2004;
05/06/2004;
06/06/2004;
07/06/2004;
08/06/2004;
09/06/2004;
10/06/2004;
11/06/2004;
12/06/2004;
13/06/2004;
14/06/2004;
15/06/2004;
16/06/2004;
17/06/2004;
18/06/2004;
19/06/2004;
20/06/2004;
21/06/2004;
22/06/2004;
23/06/2004;
24/06/2004;
25/06/2004;
26/06/2004;
27/06/2004;
28/06/2004;
29/06/2004;
30/06/2004;
01/07/2004;
02/07/2004;
03/07/2004;
04/07/2004;
05/07/2004;
06/07/2004;
07/07/2004;
08/07/2004;
09/07/2004;
10/07/2004;
11/07/2004;
12/07/2004;
13/07/2004;
14/07/2004;
15/07/2004;
16/07/2004;
17/07/2004;
18/07/2004;
19/07/2004;
20/07/2004;
21/07/2004;
22/07/2004;
23/07/2004;
24/07/2004;
25/07/2004;
26/07/2004;
27/07/2004;
28/07/2004;
29/07/2004;
30/07/2004;
31/07/2004;
01/08/2004;
02/08/2004;
03/08/2004;
04/08/2004;
05/08/2004;
06/08/2004;
07/08/2004;
08/08/2004;
09/08/2004;
10/08/2004;
11/08/2004;
12/08/2004;
13/08/2004;
14/08/2004;
15/08/2004;
16/08/2004;
17/08/2004;
18/08/2004;
19/08/2004;
20/08/2004;
21/08/2004;
22/08/2004;
23/08/2004;
24/08/2004;
25/08/2004;
26/08/2004;
27/08/2004;
28/08/2004;
29/08/2004;
30/08/2004;
31/08/2004;
01/09/2004;
02/09/2004;
03/09/2004;
04/09/2004;
05/09/2004;
06/09/2004;
07/09/2004;
08/09/2004;
09/09/2004;
10/09/2004;
11/09/2004;
12/09/2004;
13/09/2004;
14/09/2004;
15/09/2004;
16/09/2004;
17/09/2004;
18/09/2004;
19/09/2004;
20/09/2004;
21/09/2004;
22/09/2004;
23/09/2004;
24/09/2004;
25/09/2004;
26/09/2004;
27/09/2004;
28/09/2004;
29/09/2004;
30/09/2004;
01/10/2004;
02/10/2004;
03/10/2004;
04/10/2004;
05/10/2004;
06/10/2004;
07/10/2004;
08/10/2004;
09/10/2004;
10/10/2004;
11/10/2004;
12/10/2004;
13/10/2004;
14/10/2004;
15/10/2004;
16/10/2004;
17/10/2004;
18/10/2004;
19/10/2004;
20/10/2004;
21/10/2004;
22/10/2004;
23/10/2004;
24/10/2004;
25/10/2004;
26/10/2004;
27/10/2004;
28/10/2004;
29/10/2004;
30/10/2004;
31/10/2004;
01/11/2004;
02/11/2004;
03/11/2004;
04/11/2004;
05/11/2004;
06/11/2004;
07/11/2004;
08/11/2004;
09/11/2004;
10/11/2004;
11/11/2004;
12/11/2004;
13/11/2004;
14/11/2004;
15/11/2004;
16/11/2004;
17/11/2004;
18/11/2004;
19/11/2004;
20/11/2004;
21/11/2004;
22/11/2004;
23/11/2004;
24/11/2004;
25/11/2004;
26/11/2004;
27/11/2004;
28/11/2004;
29/11/2004;
30/11/2004;
01/12/2004;
02/12/2004;
03/12/2004;
04/12/2004;
05/12/2004;
06/12/2004;
07/12/2004;
08/12/2004;
09/12/2004;
10/12/2004;
11/12/2004;
12/12/2004;
13/12/2004;
14/12/2004;
15/12/2004;
16/12/2004;
17/12/2004;
18/12/2004;
19/12/2004;
20/12/2004;
21/12/2004;
22/12/2004;
23/12/2004;
24/12/2004;
25/12/2004;
26/12/2004;
27/12/2004;
28/12/2004;
29/12/2004;
30/12/2004;
31/12/2004;
          
133       
207;ABBEVILLE;18;21;;;;;;;;;
1;AIX EN PROVENCE;;;34;;;;;;;;
2;AJACCIO;68;29,73;29,73;;;;;;;;
115;ALBERTVILLE;;;15;;;;;;;;
82;ALBI;;18;;;;;;;;;
117;ALES;;;26;;;;;;;;
3;AMIENS;26;35;;;;;;;;;
4;ANGERS;27;19;;;;;;;;;
5;ANNECY;24;22;;;;;;;;;
6;ANNEMASSE;37;;40;;;;;;;;
83;ANNONAY;;25;;;;;;;;;
7;ARCACHON;32;;;;;;;;;;
118;ARRAS;;;21;;;;;;;;
84;AUBENAS/PRIVAS/LE CHEYLARD;;23;;;;;;;;;
8;AVIGNON;26;24;25;;;;;;;;
214;BAGNERES DE BIGORRE;;;15;;;;;;;;
9;BASTIA;62,83;59,74;29,73;;;;;;;;
10;BEAUVAIS;22;;;;;;;;;;
119;BEDARIEUX;;;13;;;;;;;;
102;BELFORT / MONTBELIARD;;22;;;;;;;;;
85;BESANCON;;17;;;;;;;;;
11;BEZIERS;18;17;;;;;;;;;
12;BIARRITZ;33;;;;;;;;;;
13;BORDEAUX;61;40;45;;;;;;;;
215;BOUCHES DU RHONE;93;70;71;;;;;;;;
14;BOURG EN BRESSE;18;;19;;;;;;;;
86;BOURGOIN;;20;;;;;;;;;
15;BREST;25;20;;;;;;;;;
230;BRETAGNE CENTRE;;;;;;;17;;;;
228;BRETAGNE SUD;;;;;;;;;17;;
18;CAEN;39;;33;;;;;;;;
87;CAMBRAI;;19;;;;;;;;;
88;CARCASSONNE;;22;;;;;;;;;
89;CASTRES;;18;;;;;;;;;
20;CHALON SUR SAONE;23;23;;;;;;;;;
21;CHAMBERY;24;22;;;;;;;;;
23;CHARLEVILLE MEZIERES;24;;;;;;;;;;
91;CHARTRES;;16;;;;;;;;;
24;CH�TEAU THIERRY;18;;;;;;;;;;
92;CHAUMONT;;18;;;;;;;;;
25;CHERBOURG;22;;;;;;;;;;
26;CLERMONT FERRAND;29;31;24;;;;;;;;
27;COLMAR;25;;25;;;;;;;;
28;COMPIEGNE;17;;;;;;;;;;
211;COURCHEVEL;;;43;;;;;;;;
29;DECAZEVILLE;;15;;;;;;;;;
30;DIEPPE;25;;;;;;;;;;
93;DIJON;;26;29;;;;;;;;
31;DRAGUIGNAN;31;;;;;;;;;;
32;FLERS / LA FERTE MACE;19;;;;;;;;;;
33;FONTENAY LE COMTE;12;;;;;;;;;;
35;GRENOBLE;27;34;34;;;;;;;;
120;LA FLECHE / CH�TEAU DU LOIR;;;14;;;;;;;;
121;LA ROCHELLE;;;24;;;;;;;;
37;L'AIGLE;13;;;;;;;;;;
94;LANNION;;35;;;;;;;;;
96;LE MANS;;25;25;;;;;;;;
39;LE PUY EN VELAY;24;;;;;;;;;;
178;LE TREPORT;18;;;;;;;;;;
97;LENS;;35;33;;;;;;;;
216;LES GETS;;18,75;;;;;;;;;
217;MORZINE;;;18,75;;;;;;;;
41;LILLE;48;72;;;;;;;;;
98;LIMOGES;;18;;;;;;;;;
99;LONS LE SAULNIER;;19;;;;;;;;;
229;LORIENT;;;;;;;;17;;;
208;LUCHON / ST GAUDENS;;;19;;;;;;;;
42;LYON;40;49;70;;;34;;;;24;15
100;MACON;;23;20;;;;;;;
175;MARIGNANE / ETANG DE BERRE;;15;;;;;;;;;
43;MARSEILLE;93;70;55;;;;;;;;
44;MENTON;26;;19;20;;;;;;;
45;METZ;43;35;32;;;;;;;;
210;MIMIZAN;18;;;;;;;;;;
122;MONTAUBAN;;;30;;;;;;;;
46;MONTCEAU LES MINES;20;20;;;;;;;;;
47;MONTELIMAR;16;;17;;;;;;;;
48;MONTPELLIER;52;40;;;;;;;;;
49;MULHOUSE;54;;41;;;;;;;;
51;NANCY;42;25;32;;;;;;;;
52;NANTES;33;28;;;;;;;;;
53;NEVERS;20;;;;;;;;;;
54;NICE;51;51;67;56;;;;;;;
55;NIMES;20,5;31;;;;;;;;;
56;NIORT;17;;;;;;;;;;
176;ORANGE / NYONS;15;;17;;;;;;;;
57;ORLEANS;30;;;;;;;;;;
124;OYONNAX ;;;16;;;;;;;;
232;ORTHEZ;;10;;;;;;;;;
231;PAU;20;;;;;;;;;;
209;PAYS DE BRAY;21;;;;;;;;;;
221;PAYS DU MT BLANC / ST GERVAIS;;18;;;;;;;;;
222;PERIGUEUX;;46;;;;;;;;;
59;PERPIGNAN;33;28;;;;;;;;;
173;POITIERS;;19;;;;;;;;;
60;PORTO VECCHIO;41,2;;29,73;;;;;;;;
104;QUIMPER;;17;;;;;;;;;
61;REIMS;27;;;;;;;;;;
62;REMIREMONT;35;;;;;;;;;;
63;RENNES;33;26;;;;;;;;;
64;ROANNE;23;20;;;;;;;;;
223;ROCHEFORT ;;;12;;;;;;;;
105;RODEZ;;18;;;;;;;;;
65;ROUEN;47;47;35;;;;;;;;
106;SABLE SUR SARTHE;;14;;;;;;;;;
127;SAINT CLAUDE;;;12;;;;;;;;
107;SAINT DIZIER;;18;;;;;;;;;
224;SAINTES;;;12;;;;;;;;
69;SAINT ETIENNE;30;29;;;;;;;;;
108;SAINT FLOUR;;20;;;;;;;;;
70;SAINT NAZAIRE;22;;;;;;;;;;
71;SAINT OMER;30;;;;;;;;;;
73;SAINT TROPEZ;31;;;;;;;;;;
226;SALON DE PROVENCE;;;;;;;;;;;
218;SARTHE;;32;32;;;;;;;;
66;SEDAN;24;;;;;;;;;;
67;SETE;20;;;;;;;;;;
219;SOMME;37;45;;;;;;;;;
72;STRASBOURG;73;;57;;;;;;;;
74;TARBES / LOURDES;19;;;;;;;;;;
75;THIONVILLE;33;;;;;;;;;;
110;TOULON;;19;;;;;;;;;
76;TOULOUSE;55;43;45;;;;;;;;
77;TOURS;24;28;;;;;;;;;
78;TROYES;28;26;;;;;;;;;
79;VALENCE;20;;20;;;;;;;;
80;VERDUN;19;;;;;;;;;;
111;VESOUL;;15;;;;;;;;;
112;VICHY;;24;;;;;;;;;
113;VIENNE;;20;;;;;;;;;
114;VILLEFRANCHE SUR SAONE;;31;;;;;;;;;
81;VOUZIERS/RETHEL;18;;;;;;;;;;
212;YSSINGEAUX;18;;;;;;;;;;

EXCEPTION,6
12;BIARRITZ;01/07/2003;26/07/2003;ROUGE
44;MENTON;01/07/2003;26/07/2003;ROUGE
54;NICE;01/07/2003;26/07/2003;ROUGE
59;PERPIGNAN;01/07/2003;26/07/2003;ROUGE
70;SAINT NAZAIRE;01/07/2003;26/07/2003;ROUGE
176;ORANGE / NYONS;01/07/2003;26/07/2003;ROUGE



