///////////////////////////////////////////////////////////////////////////////////////////////////////;;;;;;;
// Fichier descriptif Tarfication TF1;;/ MATRICE GENERALE;;;;;
///////////////////////////////////////////////////////////////////////////////////////////////////////;;;;;;;
//;;;;;;;
// Coefficient pour tarif de base;;;;;;;
1;01/11/2008-31/12/2009;;;;;;
7;;;;;;;
00h00/04h30;0;0;0;0;0;0;0;
05h00/06h30;0,55;0,55;0,55;0,65;0,65;0,55;0,55;
07h00/08h30;1,8;1,8;1,8;1,9;1,9;1,55;1,55;
09h00/11h30;1,2;1,2;1,2;1,35;1,35;1,7;1,1;
12h00/16h30;1;1;1;1,1;1,1;0,9;0,65;
17h00/19h30;1,8;1,8;1,8;1,9;1,9;0,9;0,9;
20h00/23h30;0,55;0,55;0,55;0,65;0,65;0,65;0,55;
;;;;;;;
// Nombre de villes/stations avec date de prise en compte suivi de la liste des villes/stations (code ville , nom ville, code station, nom station,tarif de base);;;;;;;
8;01/11/2008-31/12/2009;;;;;;
65;Rouen;41;Cristal;17;;;
480;Embrun;30;Alpes 1;30;;;
247;Frejus;63;Kiss FM;0;;;
483;Tulle;62;Jordanne FM;17;;;
465;Aurillac;62;Jordanne FM;17;;;
94;Lannion/Guingamp;79;Radio Bonheur;15;;;
69;Saint Etienne;28;Activ Radio;20;;;
104;Quimper;89;Radio Ocean;23;;;

;;;;;;;
// Coefficients pour les p�riodes calendaires;;;;;;;
// =========================================;;;;;;;
1;;;;;;;
BLANCHE;1;;;;;;
;;;;;;;
// Association des coeffcients sur certaines p�riodes calendaires;;;;;;;
// ==============================================================;;;;;;;
1;;;;;;;
01/11/2008-31/12/2009;BLANCHE;;;;;;